,0
0,"–ò –ø–æ–≥–æ–¥–∞ —Å —É—Ç—Ä–∞ —à–µ–ø—Ç–∞–ª–∞: ""–°—Ö–æ–¥–∏ –Ω–∞ –º–∏—Ç–∏–Ω–≥, –æ—Ç–æ—Ä–≤–∏ –ø–æ–ø—É –æ—Ç –∫–æ–º–ø—å—é—Ç–µ—Ä–Ω–æ–≥–æ –∫—Ä–µ—Å–ª–∞"" üòÖ"
1,"–ü–æ—Ä–∞ —Ä–µ—à–∞—Ç—å –≤–æ–ø—Ä–æ—Å –æ –¥–µ–ø—Ä–∏–≤–∞—Ç–∏–∑–∞—Ü–∏–∏ —Å–∏—Å—Ç–µ–º –∂–∏–∑–Ω–µ–æ–±–µ—Å–ø–µ—á–µ–Ω–∏—è –Ω–∞—Å–µ–ª–µ–Ω–∏—è.
–ú—ã –ø—Ä–æ–∂–∏–≤–∞–µ–º –≤ –°–∏–±–∏—Ä–∏  –∏ –ø–æ—ç—Ç–æ–º—É –≤–æ–ø—Ä–æ—Å—ã –æ–±–µ—Å–ø–µ—á–µ–Ω–∏—è –Ω–∞—Å–µ–ª–µ–Ω–∏—è —Ç–µ–ø–ª–æ–º, –≥–∞–∑–æ–º –∏ —ç–ª–µ–∫—Ç—Ä–æ—ç–Ω–µ—Ä–≥–∏–µ–π , —ç—Ç–æ –≤–æ–ø—Ä–æ—Å—ã –≤—ã–∂–∏–≤–∞–Ω–∏—è –≥—Ä–∞–∂–¥–∞–Ω–µ –†–æ—Å—Å–∏–∏ , –∞ —ç—Ç–æ —Å–µ—Ä—å—ë–∑–Ω–æ –µ –¥–µ–ª–æ –Ω–µ–ª—å–∑—è –¥–æ–≤–µ—Ä—è—Ç—å –ù–ò –ö–û–ú–£,  –≤ —Ç–æ–º —á–∏—Å–ª–µ –ø–æ—Å–ª–µ–¥–æ–≤–∞—Ç–µ–ª—è–º –ß—É–±–∞–π—Å–∞ –∏ –Ω–∞—Å–ª–µ–¥–Ω–∏–∫–∞–º –°–æ–ª–∂–µ–Ω–∏—Ü—ã–Ω–∞"
2,–º–æ–∂–µ—Ç –ø—Ä–∏–∫–ª–µ–∏—Ç—Å—è –ø—Ä–æ–∑–≤–∏—â–µ.... –ì–æ–Ω–¥–æ–ª—å–µ—Ä
3,
4,"–ü–æ—á–µ–º—É –Ω–∞—Ä–æ–¥ –Ω–∞–ø–∞–¥–∞–µ—Ç –Ω–∞ –Ω–∞—à–µ–≥–æ –º—ç—Ä–∞???–î–∞ —Ç—É—Ç –Ω–µ —Ç–æ–ª—å–∫–æ –æ–Ω –≤–∏–Ω–æ–≤–∞—Ç. –û–Ω –Ω–æ–≤–µ–Ω—å–∫–∏–π, –≤–ª–∏—è–Ω–∏–µ–º –∏ –∞–≤—Ç–æ—Ä–∏—Ç–µ—Ç–æ–º –ø–æ–∫–∞ –Ω–µ –æ–±–∑–æ–≤–µ–ª—Å—è. –¢—É—Ç –≤–æ–ø—Ä–æ—Å –±–æ–ª—å—à–µ –∫ –ø—Ä–æ–∫—É—Ä–æ—Ç—É—Ä–µ, –ø–æ—á–µ–º—É –≥–æ—Ä–æ–¥—Å–∫–∏–µ —Å–ª—É–∂–±—ã –Ω–µ –≤—ã–ø–æ–ª–Ω—è—é—Ç —Å–≤–æ–∏—Ö –æ–±—è–∑–∞–Ω–Ω–æ—Å—Ç–µ–π????"
5,"[id112744386|–ö–æ–Ω—Å—Ç–∞–Ω—Ç–∏–Ω], –ø–æ—Ç–æ–º—É —á—Ç–æ –º—ç—Ä –ø—Ä–µ–¥—Å—Ç–∞–≤–∏—Ç–µ–ª—å –≤–ª–∞—Å—Ç–∏ –≤ –≥–æ—Ä–æ–¥–µ. –ù–µ –Ω–∞ –∫–æ–≥–æ –±–æ–ª—å—à–µ –Ω–∞–ø–∞–¥–∞—Ç—å. –ù–µ —Å –∫–æ–≥–æ –±–æ–ª—å—à–µ —Å–ø—Ä–æ—Å–∏—Ç—å. –ù–µ—Ç —Ä–∞–∑–Ω–∏—Ü—ã –Ω–æ–≤–µ–Ω—å–∫–∏–π –∏–ª–∏ —Å—Ç–∞—Ä–µ–Ω—å–∫–∏–π. –£ –Ω–µ–≥–æ –æ—Ç–¥–µ–ª —é—Ä–∏—Å—Ç–æ–≤ –≤ –ø–æ–¥—á–∏–Ω–µ–Ω–∏–∏, —á—Ç–æ –±—ã —Ä–∞–±–æ—Ç–∞—Ç—å —Å —Å—É–¥–∞–º–∏ –∏ –ø—Ä–æ–∫—É—Ä–∞—Ç—É—Ä–æ–π. –ú—ç—Ä –≤—ã—Å–∫–∞–∑–∞–ª—Å—è –≤ –ø–æ–¥–¥–µ—Ä–∂–∫—É –ø–æ–≤—ã—à–µ–Ω–∏—è —Ç–∞—Ä–∏—Ñ–æ–≤."
6,"–ù—É –Ω–µ —Å—Ç–æ–ª—å–∫–æ –≥—Ä–∞–∂–¥–∞–Ω. –ì–∏–±–¥–¥ –¥–æ–±—Ä–æ –Ω–µ –¥–∞–ª–∏. –ë–∞–Ω–∞–ª—å–Ω–æ-–∫–∞–∫ –∏–º —Å–∞–º–∏–º –Ω–∞ —Ä–∞–±–æ—Ç—É –¥–æ–±–∏—Ä–∞—Ç—å—Å—è –Ω–∞ –ì–æ—Ä—å–∫–æ–≥–æ? –°–æ–º–Ω–µ–≤–∞—é—Å—å, —á—Ç–æ –≤—Å–µ —Å–æ—Ç—Ä—É–¥–Ω–∏–∫–∏ –≥–∏–±–¥–¥ –ø—Ä–æ–∂–∏–≤–∞—é—Ç –∑–∞ —Ä–µ–∫–æ–π. üòÅ"
7,"–ü–æ –ø–æ–≤–æ–¥—É –≤—Ç–æ—Ä–æ–π —á–∞—Å—Ç–∏ –ø–æ—Å—Ç–∞ —è –±—ã –ø–ª—Å–ø–æ—Ä–∏–ª. –ï—Å–ª–∏ —Å–∫—Ä—ã—Ç—ã–µ –ø—Ä–æ–±–ª–µ–º—ã –µ—Å—Ç—å-—Ç–æ –ª—É—á—à–µ –∏—Ö –Ω–∞–π—å–∏ —Å–µ–π—á–∞—Å, —á—Ç–æ–±—ã –Ω–µ –ø–æ–≤—Ç–æ—Ä—è—Ç—å —ç—Ç—É —ç–ø–æ–ø–µ—é –≤ —Å–ª–µ–¥—É—é—â–µ–º –≥–æ–¥—É."
8,"–ü–æ–±–µ–¥–∞ –≥—Ä–∞–∂–¥–∞–Ω???!!!! –•–º–º–º, —ç—Ç–æ –ø–æ –∑–∞–ø—Ä–æ—Å—É –ì–ò–ë–î–î —Ç–æ–ª—å–∫–æ —Å–¥–µ–ª–∞–ª–∏. –ù—É —Ö–æ—Ç—è, –¥–∞ —Ç–∞–º –∂–µ —Ç–æ–∂–µ –≥—Ä–∞–∂–¥–∞–Ω–µ —Ä–∞–±–æ—Ç–∞—é—Ç, –ª–æ–≥–∏—á–Ω–æ..."
9,"–ß—Ç–æ —Ç–∞–º —Å –ø–ª–∞–Ω–∞–º–∏ —Å—Ç–∞—Ä–æ–≥–æ –º—ç—Ä–∞ –æ –Ω–æ–≤–æ–º –º–æ—Å—Ç–µ –≤ —Ä–∞–π–æ–Ω–µ –∑–µ–ª—ë–Ω–æ–≥–æ –∫–ª–∏–Ω–∞? –¢–∞–∫ –±—ã –Ω–µ –ø–ª–æ—Ö–æ —Å–Ω–∞—á–∞–ª–∞ –Ω–æ–≤—ã–π –º–æ—Å—Ç –ø–æ—Å—Ç—Ä–æ–∏—Ç—å, –∞ –ø–æ—Ç–æ–º —Ä–µ–º–æ–Ω—Ç–∏—Ä–æ–≤–∞—Ç—å —Å—Ç–∞—Ä—ã–π. –°—Ç–∞—Ä—ã–µ —Å–∫–∞–∑–∫–∏ –ø–æ—Ä–∞ –∑–∞–±—ã—Ç—å!
–ù–æ–≤—ã–π –º—ç—Ä - –Ω–æ–≤—ã–µ —Å–∫–∞–∑–∫–∏! –¢–∞—â–∏—Ç–µ –ª–∞–ø—à—É –±—É–¥–µ–º —Å–ª—É—à–∞—Ç—å!"
10,"–ü—É—Å–∫–∞–π —Ä—è–¥–æ–º —Å –º–æ—Å—Ç–æ–º —Å—Ç–∞–≤—è—Ç –ø–æ–Ω—Ç–æ–Ω–Ω—É—é –ø–µ—Ä–µ–ø—Ä–∞–≤—É, —á—Ç–æ –∑–∞ –∏–∑–¥–µ–≤–∞—Ç–µ–ª—å—Å—Ç–≤–∞ –Ω–∞ –∂–∏—Ç–µ–ª—è–º–∏ –∏ –≥–æ—Å—Ç—è–º–∏ –≥–æ—Ä–æ–¥–∞!!!!"
11,"–©–∞, –ª–µ—Ç–æ–º –∫–∞–∫ –≤—Å—ë —Ö–∞–ø–Ω–µ–º –∫–æ–º—Ñ–æ—Ä—Ç–∞ –≤ –≥–æ—Ä–æ–¥–µ, 5-—Ç–∏ –º–µ—Ç—Ä–æ–≤—ã–µ —Å—É–≥—Ä–æ–±—ã –±—É–¥—É—Ç –≤—Å–ø–æ–º–∏–Ω–∞—Ç—å—Å—è —Å —Ç–æ—Å–∫–æ–π –≤ —Å–µ—Ä–¥—Ü–µ"
12,"[id77748864|–ù–∏–∫–∏—Ç–∞], —ç–π —Å—Ç—Ä–∞–Ω–∏—Ü—É –æ—Ç–∫—Ä–æ–π)"
13,–ê —Ç–∞–º –µ—â–µ –∏ –Ω–µ —É—Å–ø–µ—é—Ç –≤–æ–≤—Ä–µ–º—è –≤—Å–µ —Å–¥–µ–ª–∞—Ç—å.
14,"–Ø –ø–æ–º–Ω—é –∫–æ–≥–¥–∞ –º–æ—Å—Ç –ø–æ–ª–Ω–æ—Å—Ç—å—é –∑–∞–∫—Ä—ã–≤–∞–ª–∏ –Ω–∞ —Ä–µ–º–æ–Ω—Ç , –≤ –Ω–∏–∑—É –ø–æ–¥ –º–æ—Å—Ç–æ–º —Å—Ç–∞–≤–∏–ª–∏ –ø–æ–Ω—Ç–æ–Ω—ã,–∏ –ø–æ –Ω–∏–º –±–µ—Å–ø–ª–∞—Ç–Ω–æ –ø—Ä–æ–µ–∑–∂–∞–ª–∏ .–ü—Ä–∞–≤–¥–æ –≤ —Ç–µ –≥–æ–¥–∞ –º–∞—à–∏–Ω –Ω–µ —Ç–∞–∫ –º–Ω–æ–≥–æ –±—ã–ª–æ . –ú–Ω–µ –∫–∞–∂–µ—Ç—Å—è —Å–µ–π—á–∞—Å –ø–æ–Ω—Ç–æ–Ω –æ–¥–∏–Ω —Ç–∞–∫–æ–π –ø–æ—Ç–æ–∫ –º–∞—à–∏–Ω –Ω–µ –≤—ã–≤–µ–∑–µ—Ç ."
15,–ö–∞–∫ –∂–µ —Ç—É—Ä–∏—Å—Ç—ã?
16,"–ê —É –º–µ–Ω—è –≤–Ω—É—á–∞—Ç—ã–π –ø–ª–µ–º—è–Ω–Ω–∏–∫ —É—á–∏—Ç—Å—è –≤ 1 —à–∫–æ–ª–µ 1 –∫–ª–∞—Å—Å, –∞ –∂–∏–≤—É—Ç –∑–∞ —Ä–µ–∫–æ–π, –≤–æ–∑–ª–µ –æ–∫—Ç—è–±—Ä—è... –ò –∫–∞–∫?! –†–µ–±—ë–Ω–æ–∫ —à–∫–æ–ª—É –±—Ä–æ—Å–∞—Ç—å –¥–æ–ª–∂–µ–Ω?!"
17,–†–µ–≤–µ—Ä—Å –Ω–µ —Ä–µ—à–∏—Ç –ø—Ä–æ–±–ª–µ–º—É. –ü—Ä–∏ –∫–∞—Ä–ø—É—à–∫–∏–Ω–µ —Å –º–æ—Å—Ç–æ–º —Ç–∞–∫–∞—è –∂–µ –∏—Å—Ç–æ—Ä–∏—è –±—ã–ª–∞. –ù–µ —Å–æ—Ç—Ä–µ–π—Ç–µ –≤–æ–∑–¥—É—Ö –ø–æ –ø—É—Å—Ç—É. –ë–µ–∑ –º–æ—Å—Ç–∞ –ø—Ä–æ–±–ª–µ–º –ø–æ–ª–Ω–æ. –ì–ª–∞–≤–Ω–æ–µ —á—Ç–æ —Ä–∞–∑–æ–±—Ä–∞–Ω–Ω–æ–º –µ–≥–æ –Ω–µ –æ—Å—Ç–∞–≤–∏–ª–∏ üò¢üòÜ
18,–≠—Ç–æ —á—Ç–æ –æ—á–µ—Ä–µ–¥–Ω–æ–π —Ä—ã–≤–æ–∫ –∏–ª–∏ –ø—Ä–æ—Ä—ã–≤ –±–µ–∑ —Ä–∞—Å–∫–∞—á–∫–∏ü§¨
19,–ñ–¥–∏—Ç–µ  –∏  –±—É–¥—É—Ç  —Å–∫–∞—á–∫–∏ üòÑ
20,"–ê –∫–æ–≥–¥–∞ –ø–µ–Ω—Å–∏–∏ –∏ –∑–∞—Ä–ø–ª–∞—Ç—ã –Ω–∞—á–Ω—É—Ç —Ç–∞–∫–∂–µ —Ä–∞—Å—Ç–∏,–∫–∞–∫ —Ç–∞—Ä–∏—Ñ—ã –ñ–ö–•???"
21,"[id368222375|Lubov], ü§£ü§£ü§£, –ø—Ä—è–º–æ —Å–∞–º–∏ –Ω–∞—á–∞–ª–∏ –≤–¥—Ä—É–≥ —Ä–∞—Å—Ç–∏ –±–µ–∑ –∑–∞–±–∞—Å—Ç–æ–≤–æ–∫, –±–µ–∑ —Å—Ç–∞—á–µ–∫, –±–µ–∑ –ø—Ä–æ—Ç–µ—Å—Ç–æ–≤, –±–µ–∑ –∞–∫—Ç–∏–≤–Ω—ã—Ö –ø—Ä–æ—Ñ—Å–æ—é–∑–æ–≤."
22,"[id6743364|–í–ª–∞–¥–∏–º–∏—Ä], –ø—Ä—è–º —Ç–∞–∫ —Ç–∞—Ä–∏—Ñ—ã –∏ ""—É–ø–∞–ª–∏"" —Å –∑–∞–±–∞—Å—Ç–æ–≤–∫–∞–º–∏, –ø—Ä–æ—Ç–µ—Å—Ç–∞–º–∏, –∏ —Å—Ç–∞—á–∫–∞–º–∏ –∏ –∞–∫—Ç–∏–≤–Ω—ã–º–∏ –ø—Ä–æ—Ñ—Å–æ—é–∑–∞–º–∏!!!"
23,"[id368222375|Lubov], –ø–æ–¥ –ª–µ–∂–∞—â–∏–π –∫–∞–º–µ–Ω—å –≤–æ–¥–∞ –Ω–µ —Ç–µ—á—ë—Ç."
24,"[id6743364|–í–ª–∞–¥–∏–º–∏—Ä], –ß—Ç–æ —Ç–æ –ø–æ –∫–≤–∏—Ç–∞–Ω—Ü–∏—è–º  –∏ –æ–ø–ª–∞—Ç–µ –∫–æ–º–º—É–Ω–∞–ª—å–Ω—ã—Ö –ø–ª–∞—Ç–µ–∂–µ–π –Ω–µ –∑–∞–º–µ—Ç–Ω–æ ,—á—Ç–æ —Ç–∞—Ä–∏—Ñ—ã –≤ ""–Ω–∏–∑""–ø–æ–ª–∑—É—Ç,–∞ –Ω–∞–æ–±–æ—Ä–æ—Ç –≤—Å–µ –≤—ã—à–µ –∏ –≤—ã—à–µ ,–¥–∞–∂–µ –∑–∞–±–∞—Å—Ç–æ–≤–∫–∏ –Ω–µ –ø–æ–º–æ–≥–∞—é—Ç."
25,"[id368222375|Lubov], –ù–£ –î–ê, –∞ –≤—ã —á—Ç–æ, –Ω–µ–∑–∞–≤–∏—Å–∏–º—ã–π –ø—Ä–æ—Ñ—Å–æ—é–∑ –æ—Ä–≥–∞–Ω–∏–∑–æ–≤–∞–ª–∏ –∏–ª–∏ —Ä–∞–±–æ—Ç—É –Ω–∞ –ø—Ä–µ–¥–ø—Ä–∏—è—Ç–∏–∏ –æ—Å—Ç–∞–Ω–∞–≤–ª–∏–≤–∞–ª–∏? –ò–ª–∏ –º–æ–∂–µ—Ç —Å –æ–¥–∏–Ω–æ—á–Ω—ã–º –ø–∏–∫–µ—Ç–æ–º –≤—ã—à–ª–∏ —Ö–æ—Ç—è –±—ã? –° —á–µ–≥–æ —Ç–∞—Ä–∏—Ñ–∞–º –µ—â—ë –±—ã –Ω–µ –ø–æ–¥—Ä–∞—Å—Ç–∏? –ù–∞ –≤–µ—Å—å –≥–æ—Ä–æ–¥ 50 –Ω–µ–¥–æ–≤–æ–ª—å–Ω—ã—Ö —Å –∫—Ä–∞—Å–Ω—ã–º–∏ —Ñ–ª–∞–≥–∞–º–∏, –∞ —É –æ—Å—Ç–∞–ª—å–Ω—ã—Ö –≤—Å—ë –û–ö. –†–∞–∑ –ø—Ä–∏–Ω—è–ª–∏ –¥–µ–∫–∞–±—Ä—å—Å–∫–æ–µ –ø–æ–≤—ã—à–µ–Ω–∏–µ, –≤–æ—Ç –≤–∞–º –µ—â—ë –º–∞—Ä—Ç–æ–≤—Å–∫–æ–µ –Ω–∞–º–µ—á–∞–µ—Ç—Å—è. –ß—Ç–æ –¥–∞–ª—å—à–µ?"
26,"[id6743364|–í–ª–∞–¥–∏–º–∏—Ä], –ù—É –¥–∞,—Å—ã—Ç—ã–π –≥–æ–ª–æ–¥–Ω–æ–≥–æ –Ω–µ –≤—Ä–∞–∑—É–º–∏—Ç.–£ –Ω–∞—Å —Å –≤–∞–º–∏ –¥–æ—Ö–æ–¥—ã —Ä–∞–∑–Ω—ã–µ.–ï—Å–ª–∏ –ø–µ–Ω—Å–∏—è —É –ø–µ–Ω—Å–∏–æ–Ω–µ—Ä–∞ 12300 —Ä ,–∞ –∫–æ–º–º—É–Ω–∞–ª–∫–∞ 8100,–∫–∞–∫ –∂–∏—Ç—å??? –ù–µ –¥—É–º–∞—é,—á—Ç–æ –ø–∏–∫–µ—Ç,–∏–ª–∏ —á—Ç–æ —Ç–æ –¥—Ä—É–≥–æ–µ –∏–∑–º–µ–Ω–∏—Ç —Ç–∞—Ä–∏—Ñ—ã.–í —ç—Ç–æ–π —Å–∏—Ç—É–∞—Ü–∏–∏ —è –≤–∏–∂—É –æ–¥–∏–Ω –≤—ã—Ö–æ–¥: –û—Ä–≥–∞–Ω–∏–∑–∞—Ü–∏—è –†–µ–≤–æ–ª—é—Ü–∏–∏ ,–∫–∞–∫ –≤ 1917 –≥–æ–¥—É, –º–æ–∂–µ—Ç —Ç–æ–≥–¥–∞ —á—Ç–æ —Ç–æ —Å–¥–≤–∏–Ω–µ—Ç—Å—è."
27,"[id368222375|Lubov], —Ä–µ–≤–æ–ª—é—Ü–∏–æ–Ω–Ω–æ–π —Å–∏—Ç—É–∞—Ü–∏–∏ –Ω–µ—Ç... –≤—Å–µ –≥–æ—Ç–æ–≤—ã –µ—â—ë —Ç–µ—Ä–ø–µ—Ç—å –∏ —Ç–µ—Ä–ø–µ—Ç—å, –∞ –æ—Ä–≥–∞–Ω–∏–∑–∞—Ü–∏—é –¥–µ–ª–∞—Ç—å –Ω–∞–¥–æ, —á—Ç–æ –±—ã –ø—Ä–∏ –≤–æ–∑–Ω–∏–∫–Ω–æ–≤–µ–Ω–∏–∏ —Å–∏—Ç—É–∞—Ü–∏–∏ –±—ã–ª–æ –∫–æ–º—É –ø–æ–¥–Ω—è—Ç—å –∫—Ä–∞—Å–Ω–æ–µ –∑–Ω–∞–º—è. –ù—É –∏ –≤–æ–ø—Ä–æ—Å: –í—ã –±—É–¥–µ—Ç–µ –¥–µ–ª–∞—Ç—å –æ—Ä–≥–∞–Ω–∏–∑–∞—Ü–∏—é?"
28,"–≠—Ç–æ –º–µ—Ä–æ–ø—Ä–∏—è—Ç–∏–µ —É—Å—Ç—É–ø–∏–º —Ç–µ–º –∫—Ç–æ –ø–æ –º–æ–ª–æ–∂–µ,–º—ã –ø–µ–Ω—Å–∏–æ–Ω–µ—Ä—ã –º–æ–∂–µ–º –ø–æ–¥–¥–µ—Ä–∂–∞—Ç—å.–ê –≤—ã –±—ã –∑–∞–Ω—è–ª–∏—Å—å –±—ã –æ—Ä–≥–∞–Ω–∏–∑–∞—Ü–∏–µ–π?"
29,"[id368222375|Lubov], –Ω—É –∏ –Ω–∞—Å—á—ë—Ç –∫–∞–∫ –∂–∏—Ç—å... –ø—Ä–∏—Å—Ç–∞–≤–∞–º –∑–∞–ø—Ä–µ—â–µ–Ω–æ –æ—Å—Ç–∞–≤–ª—è—Ç—å –º–µ–Ω—å—à–µ –ø—Ä–æ–∂–∏—Ç–æ—á–Ω–æ–≥–æ –º–∏–Ω–∏–º—É–º–∞ —Å –ø—Ä–æ—à–ª–æ–≥–æ –≥–æ–¥–∞... –±–µ–∑ –Ω–∞–º—ë–∫–æ–≤ –ø—Ä–æ—Å—Ç–æ —Ñ–∞–∫—Ç, –Ω–∏ –∫ —á–µ–º—É –Ω–µ –ø—Ä–∏–∑—ã–≤–∞—é –∏ –Ω–µ —Å–æ–≤–µ—Ç—É—é"
30,"–ê –ø—Ä–∏—á–µ–º –∑–¥–µ—Å—å –ø—Ä–∏—Å—Ç–∞–≤–∞,–æ–Ω–∏ –∫–∞–∫–æ–µ –æ—Ç–Ω–æ—à–µ–Ω–∏–µ –∏–º–µ—é—Ç?"
31,"–°–∫–∞–∑–∫–∞ –≤ —Å—Ç–∏–ª–µ –î–∂–∞–Ω–Ω–∏ –†–æ–¥–∞—Ä–∏. 
–ù–µ —Ö–≤–∞—Ç–∞–µ—Ç —Ç–æ–ª—å–∫–æ –≥–ª–∞–≤–Ω–æ–≥–æ –ø–µ—Ä—Å–æ–Ω–∞–∂–∞"
32,"[id506191335|Circ], —Ä–∞—Å—Å–∫–∞–∂–∏ –≤–∞–º —Å–∫–∞–∑–∫—É, –≥–¥–µ –µ—Å—Ç—å –≥–ª–∞–≤–Ω—ã–π –≥–µ—Ä–æ–π, –≤—ã —Å—è–¥–µ—Ç–µ –Ω–∞ –ª–∞–≤—É –∏ –±—É–¥–µ—Ç–µ –µ–≥–æ –∂–¥–∞—Ç—å."
33,üëç‚òùÔ∏è
34,"–¢–∞–º –∂–µ, —á–µ—Ä–µ–∑ –Ω–µ–¥–µ–ª—é üòÑ"
35,"–°–æ—Ü–∏–∞–ª–∏—Å—Ç–∏—á–µ—Å–∫–∞—è,–∏–∑ –≥–æ–¥–∞ –≤ –≥–æ–¥,–Ω–∏ —á–µ–≥–æ –Ω–µ –º–µ–Ω—è–µ—Ç—Å—è"
36,–¶–µ–Ω–∞ –≤–æ–ø—Ä–æ—Å–∞ –ø–æ—á–∏—Å—Ç–∏—Ç—å –ª–∏–≤–Ω—ë–≤–∫—É –≤ —ç—Ç–æ–º –º–µ—Å—Ç–µ
37,"–°–Ω–µ–≥ —Ö–æ—Ç—è –±—ã —Ä–∞–∑ –∑–∞ –∑–∏–º—É –Ω–∞–¥–æ –±—ã–ª–æ –≤—ã–≤–µ–∑—Ç–∏ –∏ –≤—Å–µ, –∞ —Ç–æ –¥–∞–∂–µ –ø–æ—á–∏—Å—Ç–∏—Ç—å –Ω–æ—Ä–º–∞–ª—å–Ω–æ —Ç–∞–∫ –∏ —Å–ø–æ–¥–æ–±–∏–ª–∏—Å—å, —Å–∞–º–æ –ø—Ä–æ—Ç–∞—è–ª–æ"
38,–£ –Ω–∞—Å –≤—ã—Å–æ–∫–∏–µ —Ç—Ä–µ–±–æ–≤–∞–Ω–∏—è –∫ –∫–æ–º—Ñ–æ—Ä—Ç—Éüëç
39,–í–µ–Ω–µ—Ü–∏—è)
40,–†—ã–± —Ç–æ–ª—å–∫–æ –∏—Å–ø—É–≥–∞–ª–∏üòÖ
41,–ì–¥–µ-—Ç–æ –≤ –ø–∞—Ä–∞–ª–ª–µ–ª—å–Ω–æ–π –≤—Å–µ–ª–µ–Ω–Ω–æ–π –∫ —ç—Ç–æ–º—É –º–æ—Ä—é —Ç—è–Ω—É—Ç—Å—è –≤–µ—Ä–µ–Ω–∏—Ü—ã –∞—Å—Å–∏–Ω–∏–∑–∞—Ç–æ—Ä—Å–∫–∏—Ö –º–∞—à–∏–Ω –¥–ª—è –æ—Ç–∫–∞—á–∫–∏ —Å –∫–æ—Ç–æ—Ä—ã–º–∏ –Ω–æ–≤—ã–π –º—ç—Ä —Ç–∞–∫ —Å–≤–æ–µ–≤—Ä–µ–º–µ–Ω–Ω–æ –∑–∞–∫–ª—é—á–∏–ª –¥–æ–≥–æ–≤–æ—Ä—ã.
42,"–î–∞ –≤—Å–µ –¥–µ–ø—É—Ç–∞—Ç—ã –æ–¥–∏–Ω–∞–∫–æ–≤—ã–µ, —Ç–æ–ª—å–∫–æ –≥–æ–≤–æ—Ä—è—Ç —á—Ç–æ –±—É–¥—É—Ç —Å—Ç–∞—Ä–∞—Ç—å—Å—è, –∞ —Å–∞–º–∏ –Ω–∏—á–µ–≥–æ –Ω–µ –¥–µ–ª–∞—é—Ç!"
43,–ü–æ—á–µ–º—É —Ç–æ–≥–¥–∞ –µ–≥–æ –≥—Ä–∞—Ñ–∏–∫ –Ω–µ —Å–æ–æ—Ç–≤–µ—Ç—Å—Ç–≤—É–µ—Ç –¥–æ–∫—É–º–µ–Ω—Ç–∞–ª—å–Ω–æ–º—É?)
44,"[id89752994|–Æ–ª–∏—è], –≤–æ—Ç —Å—é–¥–∞ –Ω–∞–ø–∏—à–∏—Ç–µ.
https://www.zdravalt.ru/population/citizens-appeals/mail.php"
45,"[club26381326|–õ–µ–≤—ã–π –ë–∏–π—Å–∫], –≤—Å–µ —Ä–∞–≤–Ω–æ –∂–µ —á—Ç–æ-–Ω–∏–±—É–¥—å –Ω–∞–≤—Ä—É—ÇüòÅ"
46,–ë—Ä–∞–≤–æ!!!–ë–ª–∞–≥–æ–¥–∞—Ä—é –≤—Å–µ—Ö –∫—Ç–æ –±–æ—Ä–µ—Ç—Å—è –∑–∞ —Å–ø–∞—Å–µ–Ω–∏–µ –º–∏—Ä–Ω—ã—Ö –ª—é–¥–µ–π.
47,"–ê–∫—Ç—É–∞–ª—å–Ω–æ!
–£—á–∏—Ç—ã–≤–∞—è, —á—Ç–æ —Å–µ–π—á–∞—Å –∏–º–µ–Ω–Ω–æ —Ñ–∞—à–∏–∑–º –∏ –ø–æ–¥–Ω–∏–º–∞–µ—Ç –≥–æ–ª–æ–≤—É!"
48,"[id13408214|–ö–æ–Ω—Ä–∞–¥], –æ–¥–Ω–æ–∑–Ω–∞—á–Ω–æ –¥–∞–≤–∏—Ç—å –∏—Ö, —á—Ç–æ–±—ã –Ω–µ –≤—ã—Å–æ–≤—ã–≤–∞–ª–∏—Å—å –±–æ–ª—å—à–µ."
49,"[id772978600|–ï–ª–µ–Ω–∞], —Å–µ–π—á–∞—Å –æ–ø—Ä–µ–¥–µ–ª–∏–º—Å—è –Ω–∞ –ª–µ–∫—Ü–∏–∏, –∫—Ç–æ —ç—Ç–æ —Ç–∞–∫–∏–µ, –∏ –Ω–∞—á–Ω—ë–º."
50,"–ò —á—Ç–æ, –æ–ø—è—Ç—å –Ω–æ–≤—ã–π –º—ç—Ä –≤–∏–Ω–æ–≤–∞—Ç?ü§≠"
51,"–í –£–ª—å—è–Ω–æ–≤—Å–∫–æ–π –æ–±–ª –ø–æ–≤—ã—Å–∏–ª–∏ —Ç–∞—Ä–∏—Ñ –Ω–∞ –≤—ã–≤–æ–∑ –º—É—Å–æ—Ä–∞ —Å—Ä–∞–∑—É –Ω–∞ 20%, –±—ã–ª–æ 98 —Ä, —Å—Ç–∞–ª–æ 119 —Ä."
52,–ö—Ç–æ –±—ã —Å–æ–º–Ω–µ–≤–∞–ª—Å—è...
53,"–ù–∞ —Ç–∞–∫–∏—Ö –ª—é–¥—è—Ö –º–∏—Ä –∏ –¥–µ—Ä–∂–∏—Ç—Å—è,–±–ª–∞–≥–æ–¥–∞—Ä—é –∑–∞ —Ç–æ —á—Ç–æ –≤—ã –ø–æ–º–æ–≥–∞–µ—Ç–µ!!!"
54,"–ú–æ–ª–æ–¥—Ü—ã. –ü—Ä–æ–∫—É—Ä–∞—Ç—É—Ä–∞ —É–∂–µ –∑–∞–º–µ—Ç–∏–ª–∞ –ø—Ä–æ—Ç–µ—Å—Ç—ã –∏ –Ω–µ–¥–æ–≤–æ–ª—å—Å—Ç–≤–æ –≥—Ä–∞–∂–¥–∞–Ω
–ü—Ä–æ–¥–æ–ª–∂–∞–π—Ç–µ"
55,–ß—Ç–æ –¥—É–º–∞–µ—Ç–µ –∏–∑–∞ –Ω–∏—Ö –≤–∞–º –≤—Å–µ–º —Ç–∞—Ä–∏—Ñ—ã —Å–Ω–∏–∑—è—Ç?
56,"[id397637243|–ò—Ä–∞], –°–Ω–∏–∑—è—Ç, –∫–æ–≥–¥–∞ –≤—ã –≤—ã–π–¥–µ—Ç–µ."
57,"–ü—Ä–æ–∫—É—Ä–∞—Ç—É—Ä–∞ –ø—Ä–æ–≤–µ—Ä–∏—Ç, —Å–∫–∞–∂–∏—Ç –Ω–∞—Ä—É—à–µ–Ω–∏–π –Ω–µ—Ç –∏ –µ—â—ë —Å–ø–∏—Å–æ–∫ –¥–æ–∫–∞–∑–∞—Ç–µ–ª—å—Å—Ç–≤–∞ –ø—Ä–µ–¥–æ—Å—Ç–∞–≤–∏—Ç, —Ö—Ö–∞ –ø–µ—Ä–≤—ã–π —Ä–∞–∑ —á—Ç–æ–ª—å üòí"
58,–≠—Ç–æ –Ω–µ –ø–∞—Ç—Ä–∏–æ—Ç–∏—á–µ—Å–∫–∏–µ –∞–≤–∞—Ç–∞—Ä–∫–∏ –≤–µ—à–∞—Ç—å —Å —Ä–∞—Å–∫—Ä–∞—à–µ–Ω–Ω—ã–º–∏ —â–µ–∫–∞–º–∏ –ø–æ–¥ –≥–æ—Å —Ñ–ª–∞–≥. –ü–æ–¥–∏ –¥–∞–π –≥–æ—Å—É–¥–∞—Ä—Å—Ç–≤—É –Ω–æ–≤—ã—Ö –≥–µ—Ä–æ–µ–≤.
59,"–ê –Ω–∞—Å –Ω–µ –Ω–∞–¥–æ –∞–≥–∏—Ç–∏—Ä–æ–≤–∞—Ç—å!
–ù–µ –Ω–∞–¥–æ –Ω–∞–º –ø—Ä–æ–ø–∞–≥–∞–Ω–¥–∏—Ä–æ–≤–∞—Ç—å –∏ —Ä–µ–∫–ª–∞–º–∏—Ä–æ–≤–∞—Ç—å!
–£—Å–ª–æ–≤–∏—è —Å–æ–∑–¥–∞–π—Ç–µ, –ø—Ä–∏–¥—É—Ä–∫–∏!
–ë—ã–ª –±—ã —Ä–∞–¥ –≤–æ—Å–ø–∏—Ç—ã–≤–∞—Ç—å –ø—è—Ç–µ—Ä—ã—Ö –¥–µ—Ç–µ–π.
–û–±–µ—Å–ø–µ—á—å—Ç–µ –º–µ–Ω—è —Å–æ–æ—Ç–≤–µ—Ç—Å—Ç–≤—É—é—â–µ–π –∑–∞—Ä–ø–ª–∞—Ç–æ–π, —á—Ç–æ–±—ã —è –º–æ–≥ –≤—ã—Ä–∞—Å—Ç–∏—Ç—å –∏ –≤–æ—Å–ø–∏—Ç–∞—Ç—å –∏—Ö, –æ–±–µ—Å–ø–µ—á—å—Ç–µ –∏–º –≤—Å–µ–º –¥–æ—Å—Ç—É–ø–Ω–æ–µ –∏ –∫–∞—á–µ—Å—Ç–≤–µ–Ω–Ω–æ–µ –æ–±—Ä–∞–∑–æ–≤–∞–Ω–∏–µ, –≥–∞—Ä–∞–Ω—Ç–∏—Ä–æ–≤–∞–Ω–Ω–æ–µ —Ç—Ä—É–¥–æ—É—Å—Ç—Ä–æ–π—Å—Ç–≤–æ –Ω–∞ –∫–≤–∞–ª–∏—Ñ–∏—Ü–∏—Ä–æ–≤–∞–Ω–Ω—ã–µ —Ä–∞–±–æ—á–∏–µ –º–µ—Å—Ç–∞, –æ–±–µ—Å–ø–µ—á—å—Ç–µ –º–µ–¥–∏—Ü–∏–Ω—Å–∫–æ–µ –æ–±—Å–ª—É–∂–∏–≤–∞–Ω–∏–µ, —á—Ç–æ–±—ã –Ω–µ –ø—Ä–∏—Ö–æ–¥–∏–ª–æ—Å—å —á–∞—Å–∞–º–∏ –∂–¥–∞—Ç—å –æ—á–µ—Ä–µ–¥–∏ –∏–ª–∏ –º–æ—Ç–∞—Ç—å—Å—è –ø–æ –≥–æ—Ä–æ–¥—É –∑–∞ –Ω–∞–ø—Ä–∞–≤–ª–µ–Ω–∏—è–º–∏.
–û–±–µ—Å–ø–µ—á—å—Ç–µ –º–µ–¥–∏—Ü–∏–Ω—Å–∫–æ–µ –æ–±–µ—Å–ø–µ—á–µ–Ω–∏–µ –∂–µ–Ω–µ –∏ —Ä–æ–¥–¥–æ–º –Ω–µ —É —á—ë—Ä—Ç–∞ –Ω–∞ –∫—É–ª–∏—á–∫–∞—Ö –≤ –¶–ì–ë.
–ë—Ä–∏–≥–∞–¥—É —Ö–∏—Ä—É—Ä–≥–æ–≤, —á—Ç–æ–±—ã –æ–Ω–∞ –Ω–µ —É–º–µ—Ä–ª–∞ –æ—Ç —Ç—Ä–µ—Ç—å–µ–≥–æ –∫–µ—Å–∞—Ä–µ–≤–∞.
–û–±–µ—Å–ø–µ—á—å—Ç–µ –Ω–∞—Å –≤—Å–µ—Ö –∂–∏–ª—å—ë–º –æ—Ç –≥–æ—Å—É–¥–∞—Ä—Å—Ç–≤–∞, –∫–∞–∫ —ç—Ç–æ –±—ã–ª–æ –≤ –°–æ–≤–µ—Ç—Å–∫–æ–º –°–æ—é–∑–µ.
–°–ª–∞–±–æ?!
–ê —Ç–µ–ø–µ—Ä—å –ø–æ–π–º–∏—Ç–µ, —á—Ç–æ –¥–∞–∂–µ –Ω–∞ —Ç–∞–∫–∏—Ö —É—Å–ª–æ–≤–∏—è—Ö —è –Ω–µ —Ö–æ—á—É, —á—Ç–æ–±—ã –º–æ–∏ –¥–µ—Ç–∏ –±—ã–ª–∏ –ø—É—à–µ—á–Ω—ã–º –º—è—Å–æ–º –≤ –≤–∞—à–∏—Ö –∫—Ä–µ—Ç–∏–Ω—Å–∫–∏—Ö –°–í–û.
–ò —Ç–µ–º –±–æ–ª–µ–µ - –≤—ã—Ä–∞—Å—Ç–∞–ª–∏ –æ–±–æ–ª–≤–∞–Ω–µ–Ω–Ω—ã–º–∏ —Ä–µ–ª–∏–≥–∏–µ–π."
60,"[id13408214|–ö–æ–Ω—Ä–∞–¥], –≥–æ—Å—É–¥–∞—Ä—Å—Ç–≤–æ –Ω–µ –ø—Ä–æ—Å–∏–ª–æ –≤–∞—Å —Ä–æ–∂–∞—Ç—åü§£"
61,"–ò –∫–∞–∫ —ç—Ç–∞ —Å–æ—Ü.—Ä–µ–∫–ª–∞–º–∞ –ø–æ–º–æ–≥–ª–∞ –≤ —Å–∏—Ç—É–∞—Ü–∏–∏ —Ä–æ—Å—Ç–∞ —Ç–∞—Ä–∏—Ñ–æ–≤ –∏ –ø–µ—Ä–µ–Ω–æ—Å–µ –∂–µ–Ω—Å–∫–æ–π –∫–æ–Ω—Å—É–ª—å—Ç–∞—Ü–∏–∏? –õ—é–±–æ–ø—ã—Ç–Ω–æ, –∫–∞–∫–∏–º –º–µ—Å—Ç–æ–º –¥—É–º–∞–ª ""–≥–ª–∞–≤–∞ –≥–æ—Ä–æ–¥–∞""? ü§¶‚Äç‚ôÇÔ∏è"
62,–ù—É–∂–Ω–∞ –ø–æ–º–æ—â—å –≤ —É–±–∏–π—Å—Ç–≤–µ?
63,–ï—Å–ª–∏ –∞–±–æ—Ä—Ç —ç—Ç–æ —É–±–∏–π—Å—Ç–≤–æ —Ç–æ –º–∏–Ω–µ—Ç —ç—Ç–æ –∫–∞–Ω–Ω–∏–±–∞–ª–∏–∑–º :)
64,"[id113960186|–ê—Ä—Ç—ë–º], üòÇüòÇüòÇüëç"
65,–ù–∞ –∫–∞–∫–æ–º –æ—Å–Ω–æ–≤–∞–Ω–∏–∏ —Å–∞–¥–∏–∫–∏ —Ä–∞–±–æ—Ç–∞—é—Ç –Ω–µ –ø–æ –∑–∞–∫–æ–Ω—É?–ü–æ –∑–∞–∫–æ–Ω—É –ø—Ä–æ–¥–ª–∏–ª–∏ –¥–æ 19.30.
66,"[id20204760|–ú–∞—Ç—å], –≥–æ–≤–æ—Ä—è—Ç, —á—Ç–æ —ç—Ç–æ –±—ã–ª–æ —Å–¥–µ–ª–∞–Ω–æ —Ç–æ–ª—å–∫–æ –Ω–∞ –≤—Ä–µ–º—è –ø–∞–Ω–¥–µ–º–∏–∏, –∞ —Ç–µ–ø–µ—Ä—å —Ç–∞–∫."
67,"[id20204760|–ú–∞—Ç—å], –º—ã –Ω–∏–∫–æ–≥–¥–∞ –∏ –Ω–µ —Ä–∞–±–æ—Ç–∞–ª–∏ –¥–æ 19.30. –ì–¥–µ —ç—Ç–æ —Ç–∞–∫–∏–µ –∑–∞–∫–æ–Ω—ã? –¢–æ—á–Ω–æ –Ω–µ —É –Ω–∞—Å"
68,"–ù–∞–¥–µ–µ–º—Å—è, —á—Ç–æ —Ä–∞–∑–±–µ—Ä—É—Ç—Å—è. –ê —Ç–æ –ø—Ä–æ–∫—É—Ä–∞—Ç—É—Ä–∞ –ë–∏–π—Å–∫–∞ –æ–±—ä—è–≤–∏–ª–∞, —á—Ç–æ –ø—Ä–æ–≤–µ—Ä–∏—Ç –∏ —É—à–ª–∞ –≤ —Ç–∏—à–∏–Ω—É."
69,"–ï—Å–ª–∏ –±–æ–ª—å—à–∞—è —á–∞—Å—Ç—å –≤–∞—à–µ–≥–æ –¥–æ—Ö–æ–¥–∞ —É—Ö–æ–¥–∏—Ç –Ω–∞ –æ–ø–ª–∞—Ç—É –∫–æ–º–º—É–Ω–∞–ª—å–Ω—ã—Ö –ø–ª–∞—Ç–µ–∂–µ–π, —Ç–æ –≤—ã –∂–∏–≤—ë—Ç–µ —á—Ç–æ–±—ã –ø–ª–∞—Ç–∏—Ç—å –∫–æ–º–º—É–Ω–∞–ª–∫—É, –∞ –Ω–µ –ø–ª–∞—Ç–∏—Ç–µ –∫–æ–º–º—É–Ω–∞–ª–∫—É —á—Ç–æ–±—ã –∂–∏—Ç—å."
70,–ë–ª–∞–≥–æ—Å–ª–∞–≤–ª—è—é –±–æ—Ä—é—â–∏—Ö—Å—è –∑–∞ –ø—Ä–∞–≤–¥—É.–î–∞ –ø—Ä–∏–±—É–¥–µ—Ç —Å –≤–∞–º–∏ —Å–∏–ª—ã –±–æ–≥–∞—Ç—ã—Ä—Å–∫–∏–µ.
71,"–ü–∑—Ü –∫–∞–∫–æ–π-—Ç–æ, –ª—é–¥—è–º –Ω–µ –¥–∞—é—Ç –ø—Ä–æ–≤–µ—Å—Ç–∏ –º–∏—Ç–∏–Ω–≥."
72,"–ú–æ–∂–Ω–æ –ø—Ä–æ–≤–µ—Å—Ç–∏ –º–∏—Ç–∏–Ω–≥ –Ω–∞ —Å—Ç–∞–¥–∏–æ–Ω–µ""–Æ–±–∏–ª–µ–π–Ω—ã–π""? –ù–∏–∫—Ç–æ –Ω–∏–∫–æ–º—É –Ω–µ –º–µ—à–∞–µ—Ç."
73,"[id552894532|–ù–∞—Ç–∞–ª—å—è], —Ç–æ–ª—å–∫–æ –µ—Å–ª–∏ –≤—ã –µ–≥–æ –¥–∏—Ä–µ–∫—Ç–æ—Ä –∏ —ç—Ç–æ –±—É–¥–µ—Ç –ø–æ—Å–ª–µ–¥–Ω–µ–µ, —á—Ç–æ –≤—ã —Å–¥–µ–ª–∞–µ—Ç–µ –Ω–∞ —ç—Ç–æ–π –¥–æ–ª–∂–Ω–æ—Å—Ç–∏."
74,"[id6743364|–í–ª–∞–¥–∏–º–∏—Ä], –ê –º–Ω–µ –∫–∞–∂–µ—Ç—Å—è, —á—Ç–æ –≤—ã –Ω–∏–∫–æ–≥–¥–∞ –Ω–µ –ø—Ä–æ–≤–µ–¥—ë—Ç–µ –º–∏—Ç–∏–Ω–≥, –ø–æ—Ç–æ–º—É —á—Ç–æ –≤—ã–±–∏—Ä–∞–µ—Ç–µ —Ç–µ –º–µ—Å—Ç–∞, –≥–¥–µ –∑–Ω–∞–µ—Ç–µ –∑–∞—Ä–∞–Ω–µ–µ, —á—Ç–æ –≤–∞–º –æ—Ç–≤–µ—Ç—è—Ç –Ω–µ—Ç."
75,"[id552894532|–ù–∞—Ç–∞–ª—å—è], –ø—Ä–æ–≤–µ–¥–∏—Ç–µ –≤—ã. –ü—Ä–∏–¥—É –≤—ã—Å—Ç—É–ø–ª—é, –µ—Å–ª–∏ –ø—Ä–∏–≥–ª–∞—Å–∏—Ç–µ."
76,"[id6743364|–í–ª–∞–¥–∏–º–∏—Ä], –∫–∞–∫ –±—É–¥—É –¥–µ–ø—É—Ç–∞—Ç–æ–º, –æ–±—è–∑–∞—Ç–µ–ª—å–Ω–æ –ø—Ä–∏ –≥–ª–∞—à—É, –∞ –ø–æ–∫–∞ –∂–¥—É –≤–∞—à–∏—Ö –¥–µ–π—Å—Ç–≤–∏–πüòâ"
77,"[id552894532|–ù–∞—Ç–∞–ª—å—è], –∏ —è –Ω–µ –¥–µ–ø—É—Ç–∞—Ç)))"
78,"[id552894532|–ù–∞—Ç–∞–ª—å—è], –∞ –≤—ã –¥—É–º–∞–µ—Ç–µ,—á—Ç–æ –º–∏—Ç–∏–Ω–≥ –º–æ–∂–Ω–æ –ø—Ä–æ–≤–µ—Å—Ç–∏ –≤ –ª—é–±–æ–º –º–µ—Å—Ç–µ?–ï—Å—Ç—å –∑–∞–∫–æ–Ω –æ –º–∏—Ç–∏–Ω–≥–∞—Ö –∏ –æ–Ω–∏ —Ç–∞–º —Å—Ç—Ä–æ–≥–æ –æ–±–æ–∑–Ω–∞—á–µ–Ω—ã."
79,"–Ø –Ω–∏–∫–∞–∫ –Ω–µ –º–æ–≥—É –ø–æ–Ω—è—Ç—å –ø—Ä–∏ —á–µ–º –∑–¥–µ—Å—å –∏–Ω–≤–∞–ª–∏–¥—ã?! –¢–∞–º –¥–µ—Ç–∏, –∑–¥–µ—Å—å –∏–Ω–≤–∞–ª–∏–¥—ã, –º–æ–∂–µ—Ç –±–æ–ª—å–Ω—ã–µ –≥–æ–ª–æ–≤—ã –≤ –∞–¥–º–∏–Ω–∏—Å—Ç—Ä–∞—Ü–∏–∏?! –ù–µ –º–æ–∂–µ—Ç –±—ã—Ç—å, —á—Ç–æ–±—ã –æ–Ω–∏ –Ω–µ –ø–æ–Ω–∏–º–∞–ª–∏, —á—Ç–æ –∫—Ä–æ–º–µ –æ–∑–ª–æ–±–ª–µ–Ω–Ω–æ—Å—Ç–∏ —É –ª—é–¥–µ–π –∏—Ö –æ—Ç–∫–∞–∑—ã –Ω–∏—á–µ–≥–æ –Ω–µ –≤—ã–∑—ã–≤–∞—é—Ç, –¥–∞ –µ—â—ë –≤–æ–ø—Ä–æ—Å—ã...."
80,–î–∏—Ç—è –Ω–µ –ø–ª–∞—á–µ—Ç - –º–∞—Ç—å –Ω–µ —Ä–∞–∑—É–º–µ–µ—Ç! –ú–æ–ª—á–∞–Ω–∏–µ - –∑–Ω–∞–∫ —Å–æ–≥–ª–∞—Å–∏—è!
81,"[id382754960|–ï–≤–≥–µ–Ω–∏–π], —Å–≥–∫ –Ω–µ –ø–æ–¥—Ö–æ–¥–∏—Ç –Ω–∞ —Ä–æ–ª—å –º–∞—Ç–µ—Ä–∏. –Ø –Ω–µ –∑–Ω–∞—é –Ω–∏ –æ–¥–Ω–æ–≥–æ —Å–ª—É—á–∞—è —Å–Ω–∏–∂–µ–Ω–∏—è —Ü–µ–Ω—ã –ø–æ—Å–ª–µ –∂–∞–ª–æ–±—ã –ø–æ —Ç–µ–ª–µ—Ñ–æ–Ω—É –≤ –∞–±.–æ—Ç–¥–µ–ª."
82,"[id173565227|Andrey], –≤ –ø—Ä–æ–∫—É—Ä–∞—Ç—É—Ä—É!"
83,https://biwork.ru/news/53759-altajskij-ombudsmen-prokommentiroval-bespredel-s-tarifami-zkh
84,–ñ–∞–ª–æ–±–∞ –¥–∏—Å–ø–µ—Ç—á–µ—Ä—É –º–∞–ª–æ —á–µ–º –æ—Ç–ª–∏—á–∞–µ—Ç—Å—è –æ—Ç –º–æ–ª—á–∞–Ω–∏—è
85,–°–º–µ—à–Ω–æ –∂–∞–ª–æ–≤–∞—Ç—å—Å—è –¥–∏—Å–ø–µ—Ç—á–µ—Ä—É. –ü–æ–∂–∞–ª—É–µ–º—Å—è –∏ —á—Ç–æ –∏–∑–º–µ–Ω–∏—Ç—Å—è???
86,"–ú–∞–ª–æ —á—Ç–æ –Ω–∞ –∂–µ–Ω—â–∏–Ω —É–ø–∞–ª–∞ –∏—Å—Ç–æ—Ä–∏—á–µ—Å–∫–∞—è –º–∏—Å—Å–∏—è –Ω–∞—Ä–æ–∂–∞—Ç—å... –Ω–æ –Ω–µ –≤—Å—ë —Ç–∞–∫ –ø—Ä–æ—Å—Ç–æ, –∞ —á—Ç–æ –¥–µ–ª–∞—Ç—å –≤—Ä–µ–º–µ–Ω–∞ —Ç–∞–∫–∏–µ. [–æ—Å—Ç–æ—Ä–æ–∂–Ω–æ —Å–∞—Ä–∫–∞–∑–º]"
87,"""–ò –≤ –º—É–∫–∞—Ö –±—É–¥–µ—à—å —Ä–æ–∂–∞—Ç—å –¥–µ—Ç–µ–π —Å–≤–æ–∏—Ö!""- —Ü–∏—Ç–∞—Ç–∞ –∏–∑ –±–∏–±–ª–∏–∏. –ü–æ—Ö–æ–∂–µ –∏–º–µ–Ω–Ω–æ —ç—Ç–æ–≥–æ –∏ –¥–æ–±–∏–≤–∞—é—Ç—Å—è –æ–ø—Ç–∏–º–∏–∑–∞—Ç–æ—Ä—ã."
88,"–ù–∞–∏–≤–Ω—ã–µ —Ç–µ—Ç–∏, —Å–Ω–∏–º–∏—Ç–µ —Ä–æ–∑–æ–≤—ã–µ –æ—á–∫–∏! –í–∞—à –ø–æ–∫–æ—Ä–Ω—ã–π —Å–ª—É–≥–∞ –∏ —É—Å—Ç—Ä–æ–∏–ª –≤–∞–º ""–æ–ø—Ç–∏–º–∏–∑–∞—Ü–∏—é"")) –ü—Ä–∏—á–µ–º –∑–¥–µ—Å—å –¢–æ–º–µ–Ω–∫–æ, –æ–Ω –∏—Å–ø–æ–ª–Ω–∏—Ç–µ–ª—å."
89,"–î–æ–≤–æ–¥ –æ –ø–µ—Ä–µ–≤–æ–¥–µ –∂–µ–Ω—Å–∫–æ–π –∫–æ–Ω—Å—É–ª—å—Ç–∞—Ü–∏–∏ –¥–æ–≤–æ–ª—å–Ω–æ –Ω–µ–ª–µ–ø—ã–π –ø—Ä–∏–¥—É–º–∞–ª–∏, —á—Ç–æ –Ω–∞ –≤—Ç–æ—Ä–æ–º —ç—Ç–∞–∂–µ –±—É–¥–µ—Ç –¥–µ–ª–∞—Ç—å—Å—è —Ä–µ–º–æ–Ω—Ç,–µ–≥–æ –Ω–∏–∫–æ–≥–¥–∞ –Ω–µ –¥–µ–ª–∞–ª–∏ –≤ –¥–∞–Ω–Ω–æ–π –ø–æ–ª–∏–∫–ª–∏–Ω–∏–∫–µ? –ö–∞–∫ —Ç–æ –æ–±—Ö–æ–¥–∏–ª–∏—Å—å –±–µ–∑ –ø–µ—Ä–µ–≤–æ–¥–∞?–ï—Å—Ç—å –µ—â—ë 1 –∏ 3 —ç—Ç–∞–∂–∏, –Ω–∞ –Ω–∏—Ö –Ω–∏ –ø—Ä–æ—â–µ –ø–µ—Ä–µ–≤–µ—Å—Ç–∏ –Ω–∞ –≤—Ä–µ–º—è —Ä–µ–º–æ–Ω—Ç–∞. –ü–æ—á–µ–º—É –≤ –≥. –ë–∏–π—Å–∫–µ –±–µ—Å–ø–ª–∞—Ç–Ω–æ —ç—Ö–æ –ø–ª–æ–¥–∞ –Ω–µ –¥–µ–ª–∞—é—Ç, –±–µ—Ä–µ–º–µ–Ω–Ω—ã–µ –∂–µ–Ω—â–∏–Ω—ã –∑–∞ 1.500 —Ç—ã—Å. –î–∞–Ω–Ω–æ–µ –∏—Å—Å–ª–µ–¥–æ–≤–∞–Ω–∏–µ –ø—Ä–æ—Ö–æ–¥—è—Ç? –¢—Ä–∞–≤–º–ø—É–Ω–∫—Ç –∑–∞–∫—Ä—ã–ª–∏, –Ω–∞–≤—Å–µ–≥–¥–∞, —Ç–µ–ø–µ—Ä—å —Ç–æ –∂–µ —Å –∂–µ–Ω—Å–∫–æ–π –∫–æ–Ω—Å—É–ª—å—Ç–∞—Ü–∏–µ–π –±—É–¥–µ—Ç! –ü–æ–≤—ã—à–µ–Ω–∏–µ —Ä–æ–∂–¥–∞–µ–º–æ—Å—Ç–∏, –¥–µ–º–æ–≥—Ä–∞—Ñ–∏—è –Ω–∞ –ª–∏—Ü–æ –∑–∞–±–æ—Ç–∞ –æ –¥–∞–Ω–Ω–æ–π –ø—Ä–æ–±–ª–µ–º–µ!!!!"
90,"[id352290435|–ï–ª–µ–Ω–∞ –ö–æ–∑–ª–æ–≤–∞], –∑–¥—Ä–∞–≤—Å—Ç–≤—É–π—Ç–µ, –≤—Å–µ –æ–±—Å–ª–µ–¥–æ–≤–∞–Ω–∏—è –¥–ª—è –±–µ—Ä–µ–º–µ–Ω–Ω—ã—Ö –∂–µ–Ω—â–∏–Ω, —Å—Ç–æ—è—â–∏—Ö –Ω–∞ —É—á–µ—Ç–µ –≤ –∂–µ–Ω—Å–∫–∏—Ö –∫–æ–Ω—Å—É–ª—å—Ç–∞—Ü–∏—è—Ö, –ø—Ä–æ–≤–æ–¥—è—Ç—Å—è –±–µ—Å–ø–ª–∞—Ç–Ω–æ –ø–æ –û–ú–°. –ü–æ–º–∏–º–æ —ç—Ç–æ–≥–æ –≤ —Ä–∞–º–∫–∞—Ö –ø–µ—Ä–∏–Ω–∞—Ç–∞–ª—å–Ω–æ–≥–æ –ø–æ–¥–æ–±–Ω—ã–µ –æ–±—Å–ª–µ–¥–æ–≤–∞–Ω–∏—è –ø—Ä–æ–≤–æ–¥—è—Ç –≤ –º–µ–¥–æ—Ä–≥–∞–Ω–∏–∑–∞—Ü–∏—è—Ö —Ç—Ä–µ—Ç—å–µ–≥–æ —É—Ä–æ–≤–Ω—è- –ø–µ—Ä–∏–Ω–∞—Ç–∞–ª—å–Ω—ã—Ö —Ü–µ–Ω—Ç—Ä–∞—Ö, –∫—É–¥–∞ –∂–µ–Ω—â–∏–Ω –Ω–∞–ø—Ä–∞–≤–ª—è—é—Ç –≤—Ä–∞—á–∏ –∂–µ–Ω—Å–∫–æ–π –∫–æ–Ω—Å—É–ª—å—Ç–∞—Ü–∏–∏. –í —Ä–∞–º–∫–∞—Ö —Å–∫—Ä–∏–Ω–∏–Ω–≥–∞ –∂–µ–Ω—â–∏–Ω—ã –ø—Ä–æ—Ö–æ–¥—è—Ç –£–ó–ò –æ–±—Å–ª–µ–¥–æ–≤–∞–Ω–∏–µ, —Å–¥–∞—é—Ç –∞–Ω–∞–ª–∏–∑—ã –Ω–∞ –≥–µ–Ω–µ—Ç–∏—á–µ—Å–∫–∏–µ –ø–∞—Ç–æ–ª–æ–≥–∏–∏, –¥–æ–ø–æ–ª–Ω–∏—Ç–µ–ª—å–Ω–æ –ª–µ—á–∞—â–∏–π –≤—Ä–∞—á-–≥–∏–Ω–µ–∫–æ–ª–æ–≥ –º–æ–∂–µ—Ç –Ω–∞–∑–Ω–∞—á–∏—Ç—å –ø—Ä–æ–≤–µ–¥–µ–Ω–∏–µ –≠–•–û-–ö–ì –ø–ª–æ–¥–∞ –∏–ª–∏ –Ω–∞–ø—Ä–∞–≤–∏—Ç—å –∂–µ–Ω—â–∏–Ω—É –Ω–∞ –∫–æ–Ω—Å—É–ª—å—Ç–∞—Ü–∏—é –∫ —É–∑–∫–æ–º—É —Å–ø–µ—Ü–∏–∞–ª–∏—Å—Ç—É, –∫–æ—Ç–æ—Ä—ã–µ —Ä–∞–±–æ—Ç–∞—é—Ç –≤ –º–µ–¥—É—á—Ä–µ–∂–¥–µ–Ω–∏—è—Ö —Ç—Ä–µ—Ç—å–µ–≥–æ —É—Ä–æ–≤–Ω—è."
91,"[club172333158|–ú–∏–Ω–∏—Å—Ç–µ—Ä—Å—Ç–≤–æ –∑–¥—Ä–∞–≤–æ–æ—Ö—Ä–∞–Ω–µ–Ω–∏—è –ê–ª—Ç–∞–π—Å–∫–æ–≥–æ –∫—Ä–∞—è],  –∑–Ω–∞—é –¥–∞–Ω–Ω—É—é –ø—Ä–æ–±–ª–µ–º—É –Ω–µ –ø–æ –Ω–∞—Å–ª—ã—à–∫–µ, –¥–æ—á—å –Ω–∞ –¥–∞–Ω–Ω—ã–π –º–æ–º–µ–Ω—Ç —Å—Ç–æ–∏—Ç –Ω–∞ —É—á√´—Ç–µ –≤ –¥–∞–Ω–Ω–æ–π –∂–µ–Ω—Å–∫–æ–π –∫–æ–Ω—Å—É–ª—å—Ç–∞—Ü–∏–∏, –º–∞–ª–æ —Ç–æ–≥–æ, —á—Ç–æ –ø—Ä–∏ –ø–æ—Å—Ç–∞–Ω–æ–≤–∫–µ –Ω–∞ —É—á√´—Ç –ø–æ –±–µ—Ä–µ–º–µ–Ω–Ω–æ—Å—Ç–∏, –ø—Ä–∏ –∑–∞–±–æ—Ä–µ –∞–Ω–∞–ª–∏–∑–∞ –∫—Ä–æ–≤–∏, –ø–µ—Ä–µ–ø—É—Ç–∞–ª–∏ —Ä–µ–∑—É–ª—å—Ç–∞—Ç, –ø—Ä–∏–ø–∏—Å–∞–≤ –∫—É—á—É –Ω–µ –æ—á–µ–Ω—å —Ö–æ—Ä–æ—à–∏—Ö –±–æ–ª–µ–∑–Ω–µ–π, —Ö–æ—Ä–æ—à–æ, —á—Ç–æ –≥—Ä—É–ø–ø–∞ –∫—Ä–æ–≤–∏ –∏ —Ä–µ–∑—É—Å —Ñ–∞–∫—Ç–æ—Ä –ø–æ–¥—Ç–≤–µ—Ä–¥–∏–ª, —á—Ç–æ —Ä–µ–∑—É–ª—å—Ç–∞—Ç—ã –ø–µ—Ä–µ–ø—É—Ç–∞–Ω—ã –∏ —Ç–æ–ª—å–∫–æ –ø–æ—Å–ª–µ —ç—Ç–æ–≥–æ –≤—ã–¥–∞–ª–∏ –Ω–∞–ø—Ä–∞–≤–ª–µ–Ω–∏—è –Ω–∞ –ø–æ–≤—Ç–æ—Ä–Ω—É—é –ø–µ—Ä–µ—Å–¥–∞—á—É –∞–Ω–∞–ª–∏–∑–∞ –∫—Ä–æ–≤–∏, –ø–æ—Å–ª–µ –ø–æ–≤—Ç–æ—Ä–Ω–æ–π –ø–µ—Ä–µ—Å–¥–∞—á–∏ –≤—Å–µ –¥–∏–∞–≥–Ω–æ–∑—ã –∫–æ—Ç–æ—Ä—ã–µ –±—ã–ª–∏ –ø–æ—Å—Ç–∞–≤–ª–µ–Ω—ã –ø–æ —á—É–∂–æ–π –∫—Ä–æ–≤–∏ –Ω–µ –ø–æ–¥—Ç–≤–µ—Ä–¥–∏–ª–∏—Å—å, –Ω–æ —Ç–µ–º –Ω–µ –º–µ–Ω–µ–µ –Ω–∞ –ø—Ä–æ—Å—å–±—É –ø–µ—Ä–µ–ø–∏—Å–∞—Ç—å –æ–±–º–µ–Ω–Ω—É—é –∫–∞—Ä—Ç—É, —Ç–∞–∫ –∫–∞–∫ —Å —Ç–∞–∫–æ–π –∫–∞—Ä—Ç–æ–π, –ø—Ä—è–º–∞—è –¥–æ—Ä–æ–≥–∞ –≤ –ø–∞—Ç–æ–ª–æ–≥–∏—é, –ø–µ—Ä–µ–ø–∏—Å–∞—Ç—å –∫–∞—Ä—Ç—É –æ—Ç–∫–∞–∑–∞–ª–∏—Å—å!! –ò –ø—Ä–æ –≠—Ö–æ –ø–ª–æ–¥–∞-–ø—Ä–µ–¥–ª–æ–∂–∏–ª–∏ –ø—Ä–æ–π—Ç–∏ –ø–ª–∞—Ç–Ω–æ, –æ–±—å—è—Å–Ω–∏–≤, —á—Ç–æ —É –Ω–∞—Å –≤ –≥–æ—Ä–æ–¥–µ –Ω–µ—Ç –¥–∞–Ω–Ω–æ–≥–æ –∞–ø–ø–∞—Ä–∞—Ç–∞!!"
92,"[id352290435|–ï–ª–µ–Ω–∞ –ö–æ–∑–ª–æ–≤–∞] —á—Ç–æ–±—ã –º—ã –º–æ–≥–ª–∏ —Ä–∞–∑–æ–±—Ä–∞—Ç—å—Å—è –≤ —Å–∏—Ç—É–∞—Ü–∏–∏, –ø—Ä–æ—Å–∏–º –æ—Å—Ç–∞–≤–∏—Ç—å –æ–±—Ä–∞—â–µ–Ω–∏–µ –Ω–∞ –Ω–∞—à–µ–º –æ—Ñ–∏—Ü–∏–∞–ª—å–Ω–æ–º —Å–∞–π—Ç–µ –≤ —Ä–∞–∑–¥–µ–ª–µ ""–Ω–∞–ø–∏—Å–∞—Ç—å –æ–±—Ä–∞—â–µ–Ω–∏–µ"" —Å —É–∫–∞–∑–∞–Ω–∏–µ–º –ø–µ—Ä—Å–æ–Ω–∞–ª—å–Ω—ã—Ö –¥–∞–Ω–Ω—ã—Ö –¥–æ—á–µ—Ä–∏ –∏ –∫–æ–Ω—Ç–∞–∫—Ç–Ω–æ–≥–æ –Ω–æ–º–µ—Ä–∞ —Ç–µ–ª–µ—Ñ–æ–Ω–∞ –¥–ª—è —Å–≤—è–∑–∏."
93,"–ù–µ—É–∂–µ–ª–∏ —É –∞–¥–º–∏–Ω–∏—Å—Ç—Ä–∞—Ü–∏–∏ —Å–æ–≤—Å–µ–º —Å–æ–≤–µ—Å—Ç–∏ –Ω–µ –æ—Å—Ç–∞–ª–æ—Å—å. –Ø –±—ã —Å–æ —Å—Ç—ã–¥–∞ —Å–≥–æ—Ä–µ–ª –Ω–∞ –∏—Ö –º–µ—Å—Ç–µ. –¢–∞–∫–∏—Ö —Ç–∞–ª–∞–Ω—Ç–ª–∏–≤—ã—Ö –ª—é–¥–µ–π –∫–∞–∫ –ü–∞–≤–µ–ª –ö–æ—Ä–æ–±–µ–π–Ω–∏–∫–æ–≤ –Ω—É–∂–Ω–æ –Ω–∞ —Ä—É–∫–∞—Ö –Ω–æ—Å–∏—Ç—å, –∞ –æ–Ω–∏ –∏–∑–¥–µ–≤–∞—é—Ç—Å—è."
94,"–°–æ–≤–µ—Å—Ç–∏ –Ω–∏ –Ω–∞ –≥—Ä–∞–º–º. –°–¥–µ–ª–∞–ª–∏ –ª–µ–¥–æ–≤—ã–π –≥–æ—Ä–æ–¥–æ–∫, –∞ –æ–Ω–∏ –Ω–∞–µ#–∞—Ç—å —Ö–æ—Ç—è—Ç. –ù–∞ —Å–ª–µ–¥—É—é—â–∏–π –≥–æ–¥ –≤–æ–æ–±—â–µ –Ω–∏–∫—Ç–æ –Ω–µ —Å–æ–≥–ª–∞—Å–∏—Ç—Å—è –¥–µ–ª–∞—Ç—å —Å–∫—É–ª—å–ø—Ç—É—Ä—ã –∏ –≥–æ—Ä–æ–¥–æ–∫ –Ω–∞ –Ω–æ–≤—ã–π –≥–æ–¥."
95,"–ï—Å—Ç—å —Å—É–¥, –µ—Å—Ç—å —Å—É–¥–µ–±–Ω—ã–µ –ø—Ä–∏—Å—Ç–∞–≤—ã, –∫–æ—Ç–æ—Ä—ã–µ —Å–ø–∏—à—É—Ç —Å–æ —Å—á–µ—Ç–∞ —Å–∫–æ–ª—å–∫–æ –Ω—É–∂–Ω–æ. 
–ù–µ –Ω–∞–¥–æ –∂–¥–∞—Ç—å. 
–ì–æ—Å–ø–æ—à–ª–∏–Ω–∞, —Å—É–¥, –ø—Ä–∏—Å—Ç–∞–≤—ã."
96,–ê —á–æ –µ–≥–æ –µ—â—ë –Ω–µ —Å–¥–∞–ª–∏? –Ø –¥—É–º–∞–ª —Ç–∞–º –ª—é–¥–∏ –∂–∏–≤—É—Ç. –ï–≥–æ —É–∂–µ –¥–æ—Å—Ç—Ä–æ–∏–ª–∏ –ª–µ—Ç 5 –∫–∞–∫.
97,–ø—Ä—è–º –∫–∞–∫ –∞–≤–∞—Ç–∞—Ä –¥–æ–ª–∂–µ–Ω –±–ª—ã –≤—ã–π—Ç–∏ –≤ 2016 –≥–æ–¥—É –∞ –≤—ã—à–µ–ª –≤ 2023)
98,"–û—á–µ–Ω—å –Ω–∞–¥–µ—é—Å—å, —á—Ç–æ —ç—Ç–æ—Ç –æ–±—Ä–∞–∑—á–∏–∫ –¥–µ–Ω–¥—Ä–æ—Ñ–µ–∫–∞–ª—å–Ω–æ–≥–æ —Å—Ç—Ä–æ–∏—Ç–µ–ª—å—Å—Ç–≤–∞ –≤—Å—ë-—Ç–∞–∫–∏ –Ω–µ –ø—Ä–∏–º—É—Ç - –æ–Ω —Ä–µ–∞–ª—å–Ω–æ –æ–ø–∞—Å–µ–Ω."
99,"–¢–∞–∫–æ–π –±–∞—Ä–¥–∞–∫, –ø–æ—Ç–æ–º—É, —á—Ç–æ —Ñ–∏–∑–∏—á–µ—Å–∫–æ–µ –ª–∏—Ü–æ –æ—Ä–≥–∞–Ω–∏–∑–æ–≤–∞–≤—à–µ–π —é—Ä–∏–¥–∏—á–µ—Å–∫–æ–µ, —á–∞—â–µ –≤—Å–µ–≥–æ –ø—Ä–∏ –µ–≥–æ –±–∞–Ω–∫—Ä–æ—Ç—Å—Ç–≤–µ –Ω–µ –æ—Ç–≤–µ—á–∞–µ—Ç —Å–≤–æ–∏–º –ª–∏—á–Ω—ã–º –∏–º—É—â–µ—Å—Ç–≤–æ–º."
100,"[id32117013|–ï–≤–≥–µ–Ω–∏–π], –ø–æ –º–æ–µ–º—É –¥–∞–∂–µ –Ω–∏–∫–æ–≥–¥–∞. –Æ—Ä–∏–¥–∏—á–µ—Å–∫–æ–µ –æ—Ç–≤–µ—á–∞–µ—Ç –ø—Ä–∏ –±–æ–Ω–∫—Ä–æ—Ç—Å—Ç–≤–µ —Ç–æ–ª—å–∫–æ –∏–º—É—â–µ—Å—Ç–≤–æ–º –∫–æ–º–ø–∞–Ω–∏–∏. –ê —Ç–∞–º –º–æ–∂–µ—Ç –±—ã—Ç—å 2 —Å—Ç—É–ª–∞ –Ω–æ—É—Ç–±—É–∫ –∏ —Å—Ç–æ–ª"
101,"[id148098807|–ï–≤–≥–µ–Ω–∏–π], –≤ —ç—Ç–æ–º –∏ –ø—Ä–æ–±–ª–µ–º–∞.  –í—Å—è–∫–∏–µ –∞—Ñ–µ—Ä–∏—Å—Ç—ã —Å–ø–µ—Ü–∏–∞–ª—å–Ω–æ —Å–æ–∑–¥–∞—é—Ç —é—Ä. –ª–∏—Ü–∞ —Å–æ–±–∏—Ä–∞—é—Ç –¥–µ–Ω—å–≥–∏ –∏ –±–∞–Ω–∫—Ä–æ—Ç—è—Ç. –¢–∞–∫ –±—ã–ª–æ –∑–∞ —Ä–µ–∫–æ–π –ø–æ –≥–∞–∑—É. –î–µ–Ω—å–≥–∏ —Å–æ–±—Ä–∞–ª –∂—É–ª–∏–∫, –∞ —Å—Ç—Ä–æ–∏—Ç—å –Ω–∏—á–µ–≥–æ –Ω–µ —Å—Ç–∞–ª. –í –∏—Ç–æ–≥–µ –ª—é–¥–∏ –∏ –±–µ–∑ –¥–µ–Ω–µ–≥ –∏ –±–µ–∑ –≥–∞–∑–∞."
102,"–ë—É–¥—É –±–ª–∞–≥–æ–¥–∞—Ä–µ–Ω, –µ—Å–ª–∏ —Å–±—Ä–æ—Å–∏—Ç–µ —Ñ–æ—Ç–æ–≥—Ä–∞—Ñ–∏–∏ –º—ç—Ä—É."
103,–ê —Ç–æ –æ–Ω –Ω–µ –≤–∏–¥–µ–ª –∏ –Ω–µ –∑–Ω–∞–µ—Çü§£ü§£ü§£
104,üòÇüòÇüòÇ
105,"–°—Ç—É–¥–µ–Ω–∏–∫–∏–Ω–∞ –±—ã –Ω–∞ –ø–æ—Å—Ç –æ–±—Ä–∞—Ç–Ω–æ, –≤–æ—Ç —ç—Ç–æ –ø–æ–Ω–∏–º–∞—é –º—ç—Ä –∫–∞–∫ –º—ç—Ä)))"
106,"–ü–æ—Å–ª–µ —É–≤–∏–¥–µ–Ω–Ω—ã—Ö –ø–ª–∞—Ç–µ–∂–µ–∫ –∑–∞ —è–Ω–≤–∞—Ä—å –ª—é–¥–µ–π, –∂–µ–ª–∞—é—â–∏—Ö –≤—ã–π—Ç–∏ –Ω–∞ –º–∏—Ç–∏–Ω–≥ –∏–∑—Ä—è–¥–Ω–æ –ø—Ä–∏–±–∞–≤–∏—Ç—Å—è."
107,"[id27308042|–ö–æ–Ω—Å—Ç–∞–Ω—Ç–∏–Ω], —Å–≤–æ—é –µ—â—ë –Ω–µ –≤–∏–¥–µ–ª, –Ω–æ –≥–æ–≤–æ—Ä—è—Ç —á—Ç–æ –Ω–∞ –ø–∞—Ä—É —Å–æ—Ç–µ–Ω –º–µ–Ω—å—à–µ"
108,"[id6743364|–í–ª–∞–¥–∏–º–∏—Ä], —ç—Ç–æ –ø–æ –æ—Ç–æ–ø–ª–µ–Ω–∏—é- –∞ –≤–æ—Ç  –∫–∞–ø.—Ä–µ–º–æ–Ω—Ç –≤—ã—Ä–æ—Å –Ω–∞ 50%, –≤–æ–¥–æ–æ—Ç–≤–µ–¥–µ–Ω–∏–µ –∏ —Ö–æ–ª–æ–¥–Ω–∞—è –≤–æ–¥–∞ –≤—ã—Ä–æ—Å–ª–∏ –ø—Ä–∏–º–µ—Ä–Ω–æ –Ω–∞ 30%."
109,–ù–∞–º –±—ã —Ç–∞–∫–æ–≥–æ –¥—è–¥—å–∫—É –ª—é—Ç–æ–≥–æ –≤ –ë–∏–π—Å–∫–µ –Ω–∞–π—Ç–∏...
110,"[id6743364|–í–ª–∞–¥–∏–º–∏—Ä], –¥–∞–π –±—ã –ì–æ—Å–ø–æ–¥–∏, –Ω–æ —è –æ—á–µ–Ω—å –≤ —ç—Ç–æ–º —Å–æ–º–Ω–µ–≤–∞—é—Å—å.... –ö—Ä–æ–º–µ —Ç–æ–≥–æ, –∫–∞–∫ —è –≤–∏–∂—É, –æ—Å–æ–±–æ —Å—Ä–µ–¥–∏ –Ω–∞—à–∏—Ö —Ä—É–∫–æ–≤–æ–¥–∏—Ç–µ–ª–µ–π –∏ –¥–µ–ø—É—Ç–∞—Ç–æ–≤ –Ω–µ–º–Ω–æ–≥–æ —Ç–µ—Ö, –∫—Ç–æ —Ö–æ—Ç—å –∫–∞–∫-—Ç–æ –ø—ã—Ç–∞–µ—Ç—Å—è —Ä–µ—à–∏—Ç—å —ç—Ç—É –ø—Ä–æ–±–ª–µ–º—É..."
111,–ö–∞–∫ –¥–µ—Ñ–µ–∫—Ç —Ä–µ—á–∏-200%–∫–æ—Ä—Ä–µ—Å–ø–æ–Ω–¥–µ–Ω—Ç
112,"–î–∞–∂–µ –º–∏—Ç–∏–Ω–≥ –Ω–µ–ª—å–∑—è, –≤–æ–æ–±—â–µ —á—Ç–æ–±—ã –≤—Å–µ –º–æ–ª—á–∞–ª–∏ –∏ —Å–∏–¥–µ–ª–∏ –Ω–∞ –æ–ø–µ —Ä–æ–≤–Ω–æ , –∞ —Ç–∞—Ä–∏—Ñ—ã –±—É–¥—É—Ç –∏ –¥–∞–ª—å—à–µ –ø–æ–¥–Ω–∏–º–∞—Ç—å—Å—è. –í—Å–µ –¥–ª—è –ª—é–¥–µ–π!"
113,"[id426419273|–ò—Ä–∏–Ω–∞], –ª—é–¥–∏ –±–æ—Ä–∏—Ç–µ—Å—å –∑–∞ –ø—Ä–∞–≤–¥—É,–Ω–µ –ø–æ–∑–≤–æ–ª—è–π—Ç–µ –≤–∞—Å –æ–±–º–∞–Ω—ã–≤–∞—Ç—å."
114,"–ë–æ—è—Ç—Å—è –æ–Ω–∏, –æ–Ω–∏ –Ω–∏ —á–µ–º –Ω–µ –º–æ–≥—É—Ç –æ–±–æ—Å–Ω–æ–≤–∞—Ç—å —Ç–∞–∫–æ–π —Å–∫–∞—á–æ–∫ –∏ –≤—Å–µ–º —Ö–æ—á–µ—Ç—Å—è —É—Å–∏–¥–µ—Ç—å –≤ —Å–≤–æ—ë–º –∫—Ä–µ—Å–ª–µ, –º–∏—Ç–∏–Ω–≥–∏ —ç—Ç–æ –Ω–∞—á–∞–ª–æ –≥—Ä–∞–∂–¥–∞–Ω—Å–∫–æ–π –≤–æ–π–Ω—ã, –ø–æ—Ç–æ–º—É –∏ –Ω–µ –¥–∞—é—Ç —Å–æ–≥–ª–∞—Å–∏–µ –ª—é–±—ã–º–∏ —Å–ø–æ—Å–æ–±–∞–º–∏, –¥–∞–∂–µ –Ω–æ–≤—ã–π –≥–æ–¥ –≥–æ—Ç–æ–≤—ã –ø—Ä–æ–¥–ª–∏—Ç—åü§óü§£"
115,"–ö–∞–∫ –≥–æ–≤–æ—Ä–∏–ª–∞ –ì—Ä–æ–º–æ–≥–ª–∞—Å–æ–≤–∞: ""–¢–∞–∫ –Ω–∞—á–∏–Ω–∞–ª—Å—è —Ñ–∞—à–∏–∑–º, –Ω–∞–≤–µ—Ä–Ω–æ–µ...."""
116,"[id6743364|–í–ª–∞–¥–∏–º–∏—Ä], –≤–æ—Ç-–≤–æ—Ç))"
117,–ê —Å—É–¥—å–∏ –∫—Ç–æ?
118,–í–æ—Ç –≤–∞–º –∏ —Å–≤–æ–±–æ–¥–∞ —Å–ª–æ–≤–∞ .
119,–ü—É—Å—Ç—å –∫–∞–∂–¥—ã–π –æ–±–º–∞–Ω—â–∏–∫ –ø–æ–Ω–µ—Å—ë—Ç —Å–∞–º–æ–µ —Å—Ç—Ä–æ–≥–æ–µ –Ω–∞–∫–∞–∑–∞–Ω–∏–µ.
120,"–í—ã—Ä–æ—Å –≤ –¥–µ—Ä–µ–≤–Ω–µ. 
–£ –Ω–∞—Å –∑–æ–ª—É –æ—Ç —É–≥–ª—è —Å—ã–ø–∞–ª–∏ –≤ –∫—É—á—É. 
–î—Ä–µ–≤–µ—Å–Ω—É—é –∑–æ–ª—É –≤ –æ–≥–æ—Ä–æ–¥.
–ß—Ç–æ –∑–∞ –ø—Ä–æ–±–ª–µ–º–∞? 
–°–º—ã—Å–ª —É—Ç–∏–ª–∏–∑–∞—Ü–∏–∏ —ç—Ç–æ–π –∑–æ–ª—ã?"
121,"[id506191335|Circ], —Ç–µ–ø–µ—Ä—å –∑–∞ –∫—É—á—É –∑–æ–ª—ã –æ–∫–æ–ª–æ –∑–∞–±–æ—Ä–∞ –º–æ–∂–Ω–æ –æ—Ö–≤–∞—Ç–∏—Ç—å —à—Ç—Ä–∞—Ñ"
122,"[id6743364|–í–ª–∞–¥–∏–º–∏—Ä], —è–º—É –≤—ã—Ä–æ–π –∏ —Å—ã–ø—å"
123,–ù–µ –±—É–¥–µ–º —Ä–∞–Ω—å—à–µ –≤—Ä–µ–º–µ–Ω–∏ –≥–æ–≤–æ—Ä–∏—Ç—å –≥–æ–ø
124,.. –∞ –º–æ–≥—É—Ç –∏ –Ω–µ –æ—Å—Ç–∞—Ç—å—Å—è. –ß–µ –±—É–±–Ω–µ—Ç—å.
125,
126,"–ü—Ä–æ–∫—É—Ä–∞—Ç—É—Ä–∞ –∑–∞–Ω—è–ª–∞—Å—å –∂–µ —ç—Ç–∏–º –≤–æ–ø—Ä–æ—Å–æ–º, –ø–æ—Å–º–æ—Ç—Ä–∏–º –∫–∞–∫ –ø–æ—Ä–∞–±–æ—Ç–∞—é—Ç.."
127,"[id426419273|–ò—Ä–∏–Ω–∞], –≤–æ–∑–º–æ–∂–Ω–æ –º—ã —É–ø—É—Å—Ç–∏–ª–∏ —ç—Ç—É –Ω–æ–≤–æ—Å—Ç—å... –±—É–¥–µ–º –±–ª–∞–≥–æ–¥–∞—Ä–Ω—ã –∑–∞ —Å—Å—ã–ª–∫—É."
128,"[club26381326|–õ–µ–≤—ã–π –ë–∏–π—Å–∫], https://biwork.ru/news/53421-prokuratura-v-altajskom-krae-zanalas-proverkoj-zakonnosti-tarifov-na-zkh"
129,"[id426419273|–ò—Ä–∏–Ω–∞], –∞ –µ—Å–ª–∏ –ø—Ä–æ–∫—É—Ä–∞—Ç—É—Ä–∞ —Å–∫–∞–∂–µ—Ç, —á—Ç–æ –≤—Å—ë –ø–æ –∑–∞–∫–æ–Ω—É, —Ç–æ –≤—Å—ë –∫–æ–Ω–µ—Ü –∏—Å—Ç–æ—Ä–∏–∏, –ø–ª–∞—Ç–∏—Ç—å –º–æ–ª—á–∞?"
130,"[id6743364|–í–ª–∞–¥–∏–º–∏—Ä], –∑–∞–≤–∏—Å–∏—Ç –æ—Ç —Ç–æ–≥–æ –∫–∞–∫ –ø–æ—Ä–∞–±–æ—Ç–∞–µ—Ç –ø—Ä–æ–∫—É—Ä–∞—Ç—É—Ä–∞. –í–∞—à–∏ –ø—Ä–µ–¥–ª–æ–∂–µ–Ω–∏—è?"
131,"[id426419273|–ò—Ä–∏–Ω–∞], –º–µ–Ω—è—Ç—å –∑–∞–∫–æ–Ω—ã, —Å–Ω—è—Ç—å —Å –≥–æ—Ä–æ–¥–∞ —Å—Ç–∞—Ç—É—Å –æ—Å–æ–±–æ–π –∑–æ–Ω—ã ""–ê–ª—å—Ç–∫–æ—Ç–µ–ª—å–Ω–∞—è"", –ª–∏—à–∏—Ç—å –≥—É–±–µ—Ä–Ω–∞—Ç–æ—Ä–∞ –ø—Ä–∞–≤–∞ –∫–æ—Ä—Ä–µ–∫—Ç–∏—Ä–æ–≤–∞—Ç—å —Ñ–µ–¥–µ—Ä–∞–ª—å–Ω—ã–µ —Ç–∞—Ä–∏—Ñ—ã."
132,"[id6743364|–í–ª–∞–¥–∏–º–∏—Ä], –Ω—É —Ç–æ–≥–¥–∞ –∑–∞–π–º–∏—Ç–µ—Å—å —ç—Ç–∏–º, —è –¥—É–º–∞—é –º–Ω–æ–≥–∏–µ –ø–æ–¥–ø–∏—à—É—Ç"
133,"[id426419273|–ò—Ä–∏–Ω–∞], —Å–ø–æ—Å–æ–±—ã, —ç—Ç–æ —É–∂–µ –∏–Ω—Ç–µ—Ä–µ—Å–Ω—ã–π –≤–æ–ø—Ä–æ—Å... –≤–æ–∑–º–æ–∂–Ω–æ –ª—é–¥—è–º –ø—Ä–∏–¥—ë—Ç—Å—è —Å—Ö–æ–¥–∏—Ç—å –¥–∞–∂–µ –Ω–∞ –≤—ã–±–æ—Ä—ã."
134,"–ò–Ω—Ç–µ—Ä–µ—Å–Ω–æ,–∫–∞–∫ —Å–º–æ—Ç—Ä–∏—Ç –Ω–∞ —Ç–∞–∫–∏–µ –≤–æ–ø—Ä–æ—Å—ã –∞–¥–º–∏–Ω–∏—Å—Ç—Ä–∞—Ü–∏—è –ø—Ä–µ–∑–∏–¥–µ–Ω—Ç–∞"
135,"[id526519981|–ê–Ω–∞—Ç–æ–ª–∏–π], –≤–∞—Ä–∏–∞–Ω—Ç:"
136,"[id6743364|–í–ª–∞–¥–∏–º–∏—Ä], –≤–∞—Ä–∏–∞–Ω—Ç –Ω–∞ —Ç–æ—Ç —Å–ª—É—á–∞–π –µ—Å–ª–∏ –ø—Ä–æ–∫—É—Ä–∞—Ç—É—Ä–∞ –ø–æ—Å–º–æ—Ç—Ä–∏—Ç —Å–∫–≤–æ–∑—å –ø–∞–ª—å—Ü—ã"
137,"–û—Ç—á–µ–≥–æ —Ç–æ –Ω–µ –ø—Ä–µ–¥–ª–æ–∂–∏–ª–∏ –≤ –°–æ—Ä–æ–∫–∏–Ω–æ, –≤ –ª–µ—Å—É. 
–≠—Ç–æ —Ç–æ–∂–µ —á–µ—Ä—Ç–∞ –≥–æ—Ä–æ–¥–∞, 
–°–º—ã—Å–ª –º–∏—Ç–∏–Ω–≥–∞ - –ø—Ä–∏–≤–ª–µ—á—å –≤–Ω–∏–º–∞–Ω–∏–µ –∫ –ø—Ä–æ–±–ª–µ–º–µ. 
–û –∫–∞–∫–æ–º –ø—Ä–∏–≤–ª–µ—á–µ–Ω–∏–∏ –≤–Ω–∏–º–∞–Ω–∏—è –º–æ–∂–µ—Ç –∏–¥—Ç–∏ —Ä–µ—á—å –Ω–∞ –æ–∫—Ä–∞–∏–Ω–µ?"
138,–ë–æ—è—Ç—Å—è) ü§ó
139,"–õ–∏—Ü–∞, –Ω–µ –æ–±—Ä–µ–º–µ–Ω–µ–Ω–Ω—ã–µ –∏–Ω—Ç–µ–ª–ª–µ–∫—Ç–æ–º"
140,"–ö–∞–∫ –ø–æ—Ö–æ—Ä–æ—à–µ–ª –Ω–∞—à ""–ê–ª—Ç–∞–π"" –ø–æ—Å–ª–µ —Ä–µ–±—è—Ç... ü§¶‚Äç‚ôÇ"
141,"-–∑–∞–∫—Ä–∞—à–∏–≤–∞–ª–∏ –≥—Ä–∞—Ñ—Ñ–∏—Ç–∏
-—Ö–æ—Ä–æ—à–æ —Å–ø—Ä–∞–≤–∏–ª–∏—Å—å
-—Ñ–æ—Ç–æ–≥—Ä–∞—Ñ–∏—Ä—É—é—Ç—Å—è –Ω–∞ —Ñ–æ–Ω–µ –≥—Ä–∞—Ñ—Ñ–∏—Ç–∏‚Ä¶
–ü–æ–ª—É—á–∞–µ—Ç—Å—è –Ω–µ –∑–∞–∫—Ä–∞—Å–∏–ª–∏ –∏ –Ω–µ —Å–ø—Ä–∞–≤–∏–ª–∏—Å—å üòÖ"
142,"–õ—É—á—à–µ –±—ã —Ä–µ–∫–ª–∞–º—É –Ω–∞—Ä–∫–æ—Ç–∏–∫–æ–≤ –∑–∞–∫—Ä–∞—Å–∏–ª–∏, –Ω–∞ –∫–∞–∂–¥–æ–º –º–µ—Ç—Ä–µ –∫–≤–∞–¥—Ä–∞—Ç–Ω–æ–º —Å–≤–µ—Ç–∏—Ç—Å—è..."
143,"–í–æ–ø—Ä–æ—Å. –ê –Ω–∞—Ö—Ä–µ–Ω–∞ –∑–∞–∫—Ä–∞—à–∏–≤–∞—Ç—å —Ç–æ–ª—å–∫–æ –≥—Ä–∞—Ñ—Ñ–∏—Ç–∏, –∞ –Ω–µ –≤—Å—é —Å—Ç–µ–Ω—É –≤ —Ü–µ–ª–æ–º? –ü—è—Ç–Ω–æ, –æ–Ω–æ –∂–µ –∫–∞–∫ –±—ã –æ—Å—Ç–∞—ë—Ç—Å—è, –Ω–µ?"
144,—ç—Ç–æ –≥–¥–µ-—Ç–æ –≤ —ç—Ç–∏—Ö –∫—Ä–∞—è—Ö?
145,"[id17873367|–ê–ª–µ–∫—Å–µ–π], —ç—Ç–æ –æ–Ω–æ –∏ –µ—Å—Ç—å"
146,"[id17873367|–ê–ª–µ–∫—Å–µ–π], –∏ —Å–∫–æ—Ä–µ–µ —Ç–µ —Å–ª–æ–≤–∞ –∫–æ—Ç–æ—Ä—ã–µ –∫—Ä–∞—Å–Ω—ã–º –Ω–∞–ø–∏—Å–∞–Ω—ã –∑–∞–∫—Ä–∞—Å–∏–ª–∏ –∏ –±—Ä–æ—Å–∏–ª–∏. –ù–µ–ª—å–∑—è –∂–µ —Å–µ–π—á–∞—Å –≤ –Ω–∞—à–µ–º ""–≥–æ–Ω–¥—É—Ä–∞—Å–µ"" —Ç–∞–∫–æ–µ –ø–∏—Å–∞—Ç—å –∏ –≥–æ–≤–æ—Ä–∏—Ç—å."
147,"[id466511715|–ê–Ω–¥—Ä–µ–π], —É–≥–∞—Ä–Ω–æ –±—ã–ª–æ –±—ã –µ—Å–ª–∏ –±—ã –æ–Ω–∏ –ø—Ä–æ—Å—Ç–æ –∫—Ä–∞—Å–Ω–æ–µ –∑–∞—à—Ç—Ä–∏—Ö–æ–≤–∞–ª–∏ —á—ë—Ä–Ω—ã–º, —Å–æ—Ö—Ä–∞–Ω–∏–≤ —Ñ–æ—Ä–º—É –±—É–∫–≤, –∏ –æ—Ç—á–∏—Ç–∞–ª–∏—Å—å –æ –≤—ã–ø–æ–ª–Ω–µ–Ω–∏–∏ –∑–∞–¥–∞—á–∏]"
148,"[id17873367|–ê–ª–µ–∫—Å–µ–π], –±—ã–ª–æ –±—ã, –Ω–æ —É –Ω–∏—Ö —Ñ–æ—Ç–æ –æ—Ç—á—ë—Ç –∏ –Ω–∞ —à–∞—É—Ä–º—É –±—ã –¥–µ–Ω–µ–∂–∫—É –Ω–µ –¥–∞–ª–∏"
149,"[id466511715|–ê–Ω–¥—Ä–µ–π], —Ö–º, –∞ –∂–∏—Ç–µ–ª–µ–π –≤ —Ç–≤–æ–µ–º –≥–æ–Ω–¥—É—Ä–∞—Å–µ –∫–∞–∫ –Ω–∞–∑—ã–≤–∞—é—Ç?"
150,"[id749902148|–ú–∏—Ö–∞–∏–ª], –µ–Ω–æ—Ç, –∞ —Ç—ã –∑–∞–º–µ—Ç–∏–ª –∫–∞–≤—ã—á–∫–∏? –ò –¥–∞, –æ–Ω —Å–∫–æ—Ä–µ–µ —Ç–≤–æ–π –∏ –ø–æ–¥–æ–±–Ω—ã—Ö —Ç–µ–±–µ –µ–Ω–æ—Ç–æ–≤)"
151,–ø–æ–∑–æ—Ä–∏—â–µ
152,"[id583789233|–í–ª–∞–¥], ++++++++"
153,"[id583789233|–í–ª–∞–¥], -born"
154,–ø—Ä–æ—Å—Ç–æ –¥–µ–ª–∞—é—Ç –±–µ—Å—Å–º—ã—Å–ª–µ–Ω–Ω—É—é —Ö—É–π–Ω—é –Ω–µ —á–µ–º –∑–∞–Ω—è—Ç—å—Å—è —Ç–æ–ª—å–∫–æ –µ—â—ë —Ö—É–∂–µ —Å–¥–µ–ª–∞–ª–∏
155,"[id673029302|–ú–∞–∫—Å], –Ω–æ –µ–±–∞—Ç—å"
156,–ü–æ–¥–∑–µ–º–Ω—ã–π –ø–µ—Ä–µ—Ö–æ–¥ –≤–µ—Å—å –∏–∑—Ä–∏—Å–æ–≤–∞–Ω. –ú–æ–∂–µ—Ç –µ...—Ç–µ –≤ –≥–æ—Ç–∏—á–Ω—ã–π —á—ë—Ä–Ω—ã–π.
157,"–ó–∞—á–µ–º –∑–∞–∫—Ä–∞—à–∏–≤–∞—Ç—å –≥—Ä–∞—Ñ–∏—Ç–∏? –¢–∞–∫ —Ö–æ—Ç—è –±—ã –±–æ–ª–µ–µ –º–µ–Ω–µ–µ –∫—Ä–∞—Å–∏–≤–æ –±—ã–ª–æ, –∞ —Ç–µ–ø–µ—Ä—å –ø—Ä–æ—Å—Ç–æ –º–∞–∑–Ω—è"
158,–ë–∞–Ω–¥–∞ –±–∞–ª–ª–∞—Å—Çüëåüèø
159,"–†–∞–∑—ã—Å–∫–∏–≤–∞—é—Ç—Å—è –¥–µ–ø—É—Ç–∞—Ç—ã –≥. –ë–∏–π—Å–∫–∞. 
–ü–æ—Å–ª–µ–¥–Ω–∏–π —Ä–∞–∑ –∏—Ö –≤–∏–¥–µ–ª–∏ –≤–æ –≤—Ä–µ–º—è –∏–∑–±–∏—Ä–∞—Ç–µ–ª—å–Ω–æ–π –∫–∞–º–ø–∞–Ω–∏–∏. 
ü§£ü§£ü§£
–ü–æ–∏—Å–∫–æ–≤—ã–µ –æ—Ç—Ä—è–¥—ã, –ø–æ–¥–∫–ª—é—á–∞–π—Ç–µ—Å—å!"
160,–°—É–¥—è –ø–æ –ª–∏—Ü—É –ø–µ—Ä–≤–æ–≥–æ —É –Ω–µ–≥–æ –≤—Å—ë —Ö–æ—Ä–æ—à–æ
161,"[id36186600|–•–∞–±–∞—Ä], –¥–∞ –∏ —É –≤—Ç–æ—Ä–æ–≥–æ –æ–Ω–æ –ø–æ–±–æ–ª—å—à–µ –±—É–¥–µ—Ç) —Ñ–æ—Ç–æ –Ω–µ—É–¥–∞—á–Ω–æ–µ)"
162,"–ö–æ–Ω—Ç–∞–∫—Ç—ã –∫—Å—Ç–∞—Ç–∏ –µ—Å—Ç—å, –Ω–æ –≤ –¥—Ä—É–≥–æ–º —Ä–∞–∑–¥–µ–ª–µ . –í —Ñ–∞–π–ª–µ –¥–ª—è –∑–∞–≥—Ä—É–∑–∫–∏. –í–µ—Ä–æ—è—Ç–Ω–æ –Ω–∞–º–µ—Ä–µ–Ω–Ω–æ —Ç–∞–∫ –Ω–∞–º—É–¥—Ä–µ–Ω–æ)))"
163,"[id89752994|–Æ–ª–∏—è], –≤–æ—Ç —É–∂–µ —á—Ç–æ-—Ç–æ. –í—ã–ª–æ–∂–∏–º –ø—Ä—è–º–æ –∑–¥–µ—Å—å, —á—Ç–æ –±—ã –Ω–µ –ø–æ—Ç–µ—Ä—è—Ç—å.
–í —Å–ª–µ–¥—É—é—â–∏–π —Ä–∞–∑ –ø—Ä–æ—Ç–µ—Å—Ç–∏—Ä—É–µ–º —Ç–µ–ª–µ—Ñ–æ–Ω—ã, –¥–æ –∫–æ–≥–æ –¥–æ–∑–≤–æ–Ω–∏–º—Å—è, –∞ –¥–æ –∫–æ–≥–æ –Ω–µ—Ç."
164,"–î–∞, —Ä–∞—Å—à–∏–±—É—Ç—å—Å—è...–≤—ã—Å–ª—É—à–∞–µ—Ç, –ø–æ–º–æ–≥—É—Ç. –ù–∞ –ª–∏—Ü–µ –∂–µ –Ω–∞–ø–∏—Å–∞–Ω–æ –≤—Å–µ)"
165,–í—Å—ë –¥–ª—è –Ω–∞—Ä–æ–¥–∞ –ø–æ –ø–æ–∂–µ–ª–∞–Ω–∏—è–º —Ç—Ä—É–¥—è—â–∏—Ö—Å—è!
166,"[id382754960|–ï–≤–≥–µ–Ω–∏–π], —É–¥–∞—Ä–∏–ª –≥–∞ —Ä–∞–±–æ—Ç–Ω —Ä—É–∫—É,–ø—Ä–∏–µ—Ö–∞–ª –≤ –¶–ì–ë,—á—Ç–æ –±—ã —Å–¥–µ–ª–∞—Ç—å —Å–Ω–∏–º–æ–∫ —è –ø—Ä–æ—Å–∏–¥–µ–ª –ø–æ—á—Ç–∏ 4 —á–∞—Å–∞"
167,"–û–¥–∏–Ω —Ç—Ä–∞–≤–ø—É–Ω–∫—Ç –Ω–∞ –≥–æ—Ä–æ–¥ –∏ –Ω–∞ –≤—Å–µ –¥–µ—Ä–µ–≤–Ω–∏ü§™ü§™–ø–æ–∑–æ—Ä,–æ–ø—Ç–∏–º–∏–∑–∞—Ü–∏—è,–º–∏–Ω–∏–º–∏–∑–∞—Ü–∏—è ,—É—Ä–æ–¥—ãüòíüòíüòí"
168,–ö–∞—Ä–Ω–∞—É—Ö–æ–≤ –∑–∞–º–µ—à–∞–Ω –≤ —ç—Ç–∏—Ö –¥–µ–ª–∞—Ö
169,"–û–±—â–∞—Ç—å—Å—è —Å –º—ç—Ä–æ–º –≤ —á–∞—Ç–∞—Ö, –∫–æ–Ω–µ—á–Ω–æ –Ω–æ–≤–æ –¥–ª—è –Ω–∞—Å –∏ —Ü–µ–Ω–Ω–æ, –Ω–æ –æ—Ñ–∏—Ü–∏–∞–ª—å–Ω–æ–µ –ø–∏—Å—å–º–æ –∏–º–µ–µ—Ç —Å–æ–≤—Å–µ–º –∏–Ω–æ–π —Å—Ç–∞—Ç—É—Å. –ë—É–¥–µ–º –∂–¥–∞—Ç—å –æ—Ñ–∏—Ü–∏–∞–ª—å–Ω–æ–≥–æ –æ—Ç–≤–µ—Ç–∞: –Ω–∞ —á—å–µ–π —Å—Ç–æ—Ä–æ–Ω–µ –±—É–¥–µ—Ç –∞–¥–º–∏–Ω–∏—Å—Ç—Ä–∞—Ü–∏—è –ø–æ–¥ —Ä—É–∫–æ–≤–æ–¥—Å—Ç–≤–æ–º –Ω–æ–≤–æ–≥–æ –ª–∏–¥–µ—Ä–∞."
170,–° –Ω–µ—Ç–µ—Ä–ø–µ–Ω–∏–µ–º –∂–¥—ë–º —Ä–µ–∞–∫—Ü–∏–∏
171,–û–±—è–∑–∞—Ç–µ–ª—å–Ω–æ –æ–ø—É–±–ª–∏–∫—É–π—Ç–µ –æ—Ç–≤–µ—Ç
172,"–í –§–µ–≤—Ä–∞–ª–µ –∏ –Ω–∞—á–∞–ª–µ –Ø–Ω–≤–∞—Ä—è, –∫–∞–∫ —Ç–æ –≤—Å–µ –∑–∞–ø—É—Ç–∞–Ω–æ."
173,"–ö—Å—Ç–∞—Ç–∏ –≥–∞–∑ —Ç–æ–∂–µ —Ç–æ–∂–µ –ø–æ–¥–Ω—è–ª—Å—è –¥–≤–∞ —Ä–∞–∑–∞, –≤ –¥–µ–∫–∞–±—Ä–µ –∏ —Å 1 —è–Ω–≤–∞—Ä—è!"
174,–ù–∞–º –Ω—É–∂–Ω–æ –¥–µ–ø—É—Ç–∞—Ç–æ–≤ –∏–∑ –ê–±–∞–∫–∞–Ω–∞
175,"[id506191335|Circ], –º–æ–∂–µ—Ç –ª—É—á—à–µ –∞–¥–º–∏–Ω–∏—Å—Ç—Ä–∞—Ü–∏—é... –¥–µ–ø—É—Ç–∞—Ç—ã –Ω–µ –≤ —Ö–æ–¥—è—Ç –Ω–∏ –≤ –ø–æ–Ω—è—Ç–∏–µ ""–∞–¥–º–∏–Ω–∏—Å—Ç—Ä–∞—Ü–∏—è"" –Ω–∏ –≤ –ø–æ–Ω—è—Ç–∏–µ ""–º—ç—Ä–∏—è""... —ç—Ç–æ –≤ –æ–±—â–µ –∏–Ω–∞—è –≤–µ—Ç–≤—å –≤–ª–∞—Å—Ç–∏"
176,–í–Ω–∞—á–∞–ª–µ —Å–æ–≥–ª–∞—Å–æ–≤–∞–ª–∏ –∞ —Ç–µ–ø–µ—Ä—å –±—É–¥—É—Ç —Å—É–¥–∏—Ç—å—Å—è?
177,"[id526519981|–ê–Ω–∞—Ç–æ–ª–∏–π], –æ—Å–Ω–æ–≤–Ω–∞—è —Ñ–∏—à–∫–∞ –æ—Å–æ–±–æ–π —Å–∏—Å—Ç–µ–º—ã –æ–ø–ª–∞—Ç—ã, –∫–æ—Ç–æ—Ä—É—é –°–ì–ö –ø—Ä–æ–¥–∞–≤–∏–ª–æ –∏ –≤ –ê–±–∞–∫–∞–Ω–µ –∏ —É –Ω–∞—Å –≤ –ë–∏–π—Å–∫–µ - —ç—Ç–æ –≤–æ–∑–º–æ–∂–Ω–æ—Å—Ç—å –ø–æ–≤—ã—à–∞—Ç—å —Ç–∞—Ä–∏—Ñ –±–µ–∑ —Å–æ–≥–ª–∞—Å–æ–≤–∞–Ω–∏—è."
178,–°—É–º–µ–ª–æ –ø—Ä–æ–¥–∞–≤–∏—Ç—å –±–µ–∑ —É—á–∞—Å—Ç–∏—è –Ω–∞—à–µ–π –∞–¥–º–∏–Ω–∏—Å—Ç—Ä–∞—Ü–∏–∏?
179,"[id526519981|–ê–Ω–∞—Ç–æ–ª–∏–π], —Å —É—á–∞—Å—Ç–∏–µ–º –≤—Å–µ–º–∏ –ª—é–±–∏–º–æ–≥–æ –°—Ç—É–¥–µ–Ω–∏–∫–∏–Ω–∞ –ê.–ü."
180,"–ò–∑–≤–µ—Å—Ç–Ω–æ –ª–∏, —Ä–∞–¥–∏ —á–µ–≥–æ –æ–Ω –Ω–∞ —ç—Ç–æ –ø–æ–≤–µ–ª—Å—è?"
181,"[id526519981|–ê–Ω–∞—Ç–æ–ª–∏–π], –µ—Å–ª–∏ –º—ã –Ω–µ —Ä–∞—Å—Å–º–∞—Ç—Ä–∏–≤–∞–µ–º —á—Ç–æ –º–æ–≥–ª–∞ –±—ã—Ç—å –∫–æ—Ä—Ä—É–ø—Ü–∏—è, —Ç–æ –≤ —Ç–∞–∫–∏—Ö —Ç–µ—Ä–º–∏–Ω–∞—Ö: —É–≤–µ–ª–∏—á–µ–Ω–∏–µ –ø—Ä–∏–≤–ª–µ–∫–∞—Ç–µ–ª—å–Ω–æ—Å—Ç–∏ —Å—Ñ–µ—Ä—ã –∂–∫—Ö –¥–ª—è –∏–Ω–≤–µ—Å—Ç–∏—Ü–∏–π, —É–≤–µ–ª–∏—á–µ–Ω–∏–µ –∫–∞—á–µ—Å—Ç–≤–∞ –ø–æ—Å—Ç–∞–≤–ª—è–µ–º—ã—Ö —É—Å–ª—É–≥, –Ω–∞–¥—ë–∂–Ω–æ—Å—Ç—å —Å–∏—Å—Ç–µ–º—ã... –Ω—É –∏ —Å–∫–∏–Ω—É—Ç—å –ø—Ä–æ–±–ª–µ–º—ã –º–∞–ª—ã—Ö –∫–æ—Ç–µ–ª—å–Ω—ã—Ö —Å –∞–¥–º–∏–Ω–∏—Å—Ç—Ä–∞—Ü–∏–∏"
182,"–ù–∞–∏–±–æ–ª–µ–µ –≤–µ—Ä–æ—è—Ç–Ω—ã –ø–µ—Ä–≤–∞—è –∏ –ø–æ—Å–ª–µ–¥–Ω—è—è –ø—Ä–∏—á–∏–Ω—ã,–ø–æ—Å—Ä–µ–¥–∏–Ω–µ —Ç—è–∂—ë–ª—ã–π –±—Ä–µ–¥"
183,–ö–∞–∫–∏–µ –º–∞—Ä—à—Ä—É—Ç—ã –Ω–µ–ø–æ–Ω—è—Ç–Ω–æ.
184,"[id391422255|Boykonur], –ø–æ–∫–∞ —ç—Ç–æ —Ç–æ–ª—å–∫–æ —Ä–∞–∑–≥–æ–≤–æ—Ä—ã... –≤ –ø—Ä–µ–¥–µ–ª–∞—Ö –≥–æ—Ä–æ–¥–∞ –æ–Ω–∏ –æ—Ç –º–∞—Ä—à—Ä—É—Ç–æ–≤ –Ω–µ –æ—Ç–≤–µ—Ä—Ç—è—Ç—Å—è, –∞ –≤–æ—Ç –µ—Å–ª–∏ –º–∞—Ä—à—Ä—É—Ç –∏–¥—ë—Ç –≤ —Å–∞–¥—ã, –∫–æ—Ç–æ—Ä—ã–µ —Ä–∞—Å–ø–æ–ª–∞–≥–∞—é—Ç—Å—è –∑–∞ –ø—Ä–µ–¥–µ–ª–∞–º–∏ –≥–æ—Ä–æ–¥–∞, —Ç—É—Ç –æ–Ω–∏ –º–æ–≥—É—Ç –ø–æ–¥–≥–∞–¥–∏—Ç—å —Å–∞–¥–æ–≤–æ–¥–∞–º. –ò–ª–∏ –æ—Ç–º–µ–Ω–∏—Ç—å —ç—Ç–∏ –º–∞—Ä—à—Ä—É—Ç—ã –∏–ª–∏ –æ–±–æ—Ä–≤–∞—Ç—å –ø—Ä–µ–¥–µ–ª–∞–º–∏ –≥–æ—Ä–æ–¥–∞. –ï–∑–¥–∏—Ç–µ –Ω–∞ –º–µ–∂–≥–æ—Ä–æ–¥–µ. –¢–µ–º–∞ –Ω–µ –Ω–æ–≤–∞—è –µ—ë –Ω–∞—á–∞–ª–∏ –∫–∞—á–∞—Ç—å —Å –∫–æ–Ω—Ü–∞ 2020 –≥–æ–¥–∞."
185,"[id391422255|Boykonur], –≤—Å–µ —Ç–µ, –∫–æ—Ç–æ—Ä—ã–º –∑–∞–º–µ–Ω–∏–ª–∏ –ø–µ—Ä–≤—É—é —Ü–∏—Ñ—Ä—É- 418(118), 402(102) –∏ —Ç.–¥.
–í –ø—Ä–æ—à–ª–æ–º –≥–æ–¥—É –£—Å—Ç—å-–ö–∞—Ç—É–Ω—å –ë–∏–π—Å–∫–æ–≥–æ —Ä–∞–π–æ–Ω–∞ –æ—Å—Ç–∞–ª–∞—Å—å –±–µ–∑ —Ä–µ–π—Å–æ–≤–æ–≥–æ –∞–≤—Ç–æ–±—É—Å–∞ –≤ –∑–∏–º—É, –ª—é–¥–∏ –¥–æ–±–∏—Ä–∞–ª–∏—Å—å –∫–∞–∫ –º–æ–≥–ª–∏. –ü–µ—Ä–µ–≤–æ–∑—á–∏–∫—É 118 –Ω–µ –±—ã–ª –≤—ã–≥–æ–¥–µ–Ω –º–∞—Ä—à—Ä—É—Ç, –æ—Å–æ–±–µ–Ω–Ω–æ —Å –º–∞—è –ø–æ –æ–∫—Ç—è–±—Ä—å,—Ç.–∫. –Ω–∞ –µ–≥–æ –º–∞—Ä—à—Ä—É—Ç –ø—Ä–∏—Å—Ç—Ä–∞–∏–≤–∞–ª—Å—è 17. –ò —Ç–∞—Å–∫–∞–ª –¥–µ–Ω—å–≥–∏ —Å –ª—é–±–∏—Ç–µ–ª–µ–π —Å–º–æ–ª–µ–Ω—Å–∫–∏—Ö –∫–∞—Ä—å–µ—Ä–æ–≤ –∏ –¥–∞—á–Ω–∏–∫–æ–≤.–õ–µ—Ç–æ–º 17 –æ–ø—è—Ç—å –≤—Å—Ç–∞–ª–∞ –Ω–∞ –º–∞—Ä—à—Ä—É—Ç 118 –∏ –ø–µ—Ä–µ–≤–æ–∑—á–∏–∫ –æ–ø—è—Ç—å —É—à—ë–ª,–Ω–∞—Å–æ–≤—Å–µ–º. –¢—É—Ç –∫–∞–∫–∏–µ-—Ç–æ —Ç–æ—Ä–≥–∏ —Å–æ—Å—Ç–æ—è–ª–∏—Å—å –∏ —Ç–µ–ø–µ—Ä—å —Ö–æ–¥–∏—Ç 418, –≥–∞–∑–µ–ª—å, –ø–µ—Ä–µ–≤–æ–∑—á–∏–∫ –º–µ–Ω—è–µ—Ç —Ä–∞—Å–ø–∏—Å–∞–Ω–∏–µ, –Ω—É –∏ –ø—Ä–æ–µ–∑–¥ —Ç–µ–ø–µ—Ä—å 50‚ÇΩ. –¢–∞–∫ –≤–æ—Ç –∞ –ø–æ—á–µ–º—É 17 –ª–µ—Ç–æ–º –∞–∂ 3 –∞–≤—Ç–æ–±—É—Å–∞ –¥–æ –∫–∞—Ä—å–µ—Ä –≥–æ–Ω—è–µ—Ç –∏ —ç—Ç–æ –Ω–æ—Ä–º–∞–ª—å–Ω–æ, –Ω—É –ø—É—Å—Ç—å –∏ –∑–∏–º–æ–π —Ç–æ–≥–¥–∞ —Ö–æ–¥–∏–ª–∞ –±—ã –æ–¥–Ω–∞? –ù—É –∏–ª–∏ –∑–∞–ø—Ä–µ—Ç–∏—Ç—å 17 –º–∞—Ä—à—Ä—É—Ç–∫–µ –µ–∑–¥–∏—Ç—å –ø–æ —Ä–µ–π—Å—É 418? –í–æ—Ç –∏ –ø—Ä–∏–±—ã–ª—å, –≤–æ—Ç –∏ —Ä–µ–Ω—Ç–∞–±–µ–ª—å–Ω–æ—Å—Ç—å"
186,"[id41141236|–Æ–ª–∏—è], –∞ —Ä–∞–∑–≤–µ –≤—Å–µ —Ç–µ –∫–æ–º—É –∑–∞–º–µ–Ω–∏–ª–∏ –ø–µ—Ä–≤—É—é —Ü–∏—Ñ—Ä—É —Ç–µ–ø–µ—Ä—å –æ—Ç–Ω–æ—Å—è—Ç—Å—è –Ω–µ –∫ –º–µ–∂.–≥–æ—Ä–æ–¥—É —Ç.–µ. –Ω–µ –≤ —É–ø—Ä–∞–≤–ª–µ–Ω–∏–∏ –∞–¥–º–∏–Ω–∏—Å—Ç—Ä–∞—Ü–∏–∏? –í –≥–æ—Ä–æ–¥–µ –µ—Å—Ç—å 3 –≤–∏–¥–∞ –∞–≤—Ç–æ–±—É—Å–æ–≤ –≥–æ—Ä–æ–¥—Å–∫–∏–µ, —Ä–∞–π–æ–Ω–Ω—ã–µ –∏ –º–µ–∂–≥–æ—Ä–æ–¥. –ë–∏–π—Å–∫–∞—è –∞–¥–º–∏–Ω–∏—Å—Ç—Ä–∞—Ü–∏—è –∏–∑ –Ω–∏—Ö –∫–æ–º–∞–Ω–¥—É–µ—Ç —Ç–æ–ª—å–∫–æ –≥–æ—Ä–æ–¥—Å–∫–∏–º–∏."
187,"–ù–µ—Ç, –Ω–µ –≤ —É–ø—Ä–∞–≤–ª–µ–Ω–∏–∏, –∫–∞–∫ —è –ø–æ–Ω–∏–º–∞—é. –¢–æ—á–Ω–µ–µ —Ç–∞–∫ –≥–æ–≤–æ—Ä–∏—Ç –ø–µ—Ä–µ–≤–æ–∑—á–∏–∫."
188,"–ï–¥–∏–Ω–∞—è –†–æ—Å—Å–∏—è, —Ä—É–ª–∏—Çü§™ü§™ü§™"
189,–ù–∞ —è–º–∏–Ω—Å–∫–æ–π –¥–æ—Ä–æ–≥—É —Ö–æ—Ä–æ—à–æ –ø–æ—á–∏—Å—Ç–∏–ª–∏ —Å–ø–æ—Ä—É –Ω–µ—Ç. –ù–æ –≤–æ—Ç –≤—ã–µ–∑–¥—ã —Å –ø–µ—Ä–µ—É–ª–∫–æ–≤ –∏ –æ–±–æ—á–∏–Ω—É –∑–∞–≤–∞–ª–∏–ª–∏. –ü–µ—à–µ—Ö–æ–¥–∞–º –ø—Ä–∏—Ö–æ–¥–∏—Ç—Å—è –∏–¥—Ç–∏ –ø–æ –ø—Ä–æ–µ–∑–∂–µ–π —á–∞—Å—Ç–∏.
190,"–ü–æ—Å–º–æ—Ç—Ä–∏—Ç–µ –≤ —Ä–∞–π–æ–Ω–µ 4 –±–æ–ª—å–Ω–∏—Ü—ã- —Ç—Ä–æ—Ç—É–∞—Ä–æ–≤ –Ω–µ—Ç,–¥–æ—Ä–æ–≥—É –Ω–µ –ø–µ—Ä–µ–π—Ç–∏ - –æ–±–æ—á–∏–Ω–∞ –∑–∞–≤–∞–ª–µ–Ω–∞,—Å–∞–º–∞ –¥–æ—Ä–æ–≥–∞- –∫–∞—à–∞ –ø–æ–¥ –∫–æ—Ç–æ—Ä–æ–π –ª—ë–¥, –≤–æ –¥–≤–æ—Ä—ã –≤—ä–µ–∑–¥—ã –∑–∞–≤–∞–ª–µ–Ω—ã."
191,"[id391422255|Boykonur Yu], –¥–æ–±—Ä—ã–π –¥–µ–Ω—å! –°–Ω–µ–≥ —É–±—Ä–∞—Ç—å –ø–æ–ª–Ω–æ—Å—Ç—å—é –∏–∑ –≥–æ—Ä–æ–¥–∞ –Ω–µ–≤–æ–∑–º–æ–∂–Ω–æ. –î–æ—Ä–æ–∂–Ω—ã–µ —Å–ª—É–∂–±—ã —Ä–∞–±–æ—Ç–∞—é—Ç –Ω–∞–¥ —Ä–∞—Å—à–∏—Ä–µ–Ω–∏–µ–º —Å–∞–º—ã—Ö –∏–Ω—Ç–µ–Ω—Å–∏–≤–Ω—ã—Ö –¥–æ—Ä–æ–≥, —Ç–∞–º —Å–Ω–µ–≥ –≤—ã–≤–æ–∑–∏—Ç—Å—è, —á—Ç–æ–±—ã —É–¥–∞–ª–∏—Ç—å –∑–∞—É–∂–µ–Ω–Ω–æ—Å—Ç–∏. –ö–î–ú –ø–æ—Å—Ç–æ—è–Ω–Ω–æ –ø–æ—Å—ã–ø–∞—é—Ç –ø–µ—Å–∫–æ–º –¥–æ—Ä–æ–≥–∏, –ø–æ—Å—ã–ø–∞—é—Ç—Å—è –∏ –æ—Å—Ç–∞–Ω–æ–≤–∫–∏. –ê –∑–∞ –≤—ä–µ–∑–¥—ã-–≤—ã–µ–∑–¥—ã –∏–∑ –¥–≤–æ—Ä–æ–≤ –æ—Ç–≤–µ—á–∞—é—Ç –£–ö –∏ –¢–°–ñ, –ø–æ—Ç—Ä–µ–±—É–π—Ç–µ –æ—Ç –Ω–∏—Ö –ø—Ä–æ—Ä–∞–±–æ—Ç–∞—Ç—å —ç—Ç–∏ –º–æ–º–µ–Ω—Ç—ã. –ú—ã —Å–æ —Å–≤–æ–µ–π —Å—Ç–æ—Ä–æ–Ω—ã —Ç–æ–∂–µ –ø–æ–ø—Ä–æ—Å–∏–º."
192,—É—Å–ø–µ—Ö–∞ —Ç–æ–ª—å–∫–æ –ø–æ–∂–µ–ª–∞—Ç—å –≤–æ–¥–∏—Ç–µ–ª—è–º —Ä–∞–∑—ä–µ–∂–∞—é—â–∏–º—Å—è –ø–æ –õ–æ–º–æ–Ω–æ—Å–æ–≤–∞ –ø–æ —Ç—Ä—ë–º –∫–æ–ª–µ—è–º.
193,"[club185180571|–ì–æ—Ä–æ–¥ –ë–∏–π—Å–∫], –í—ã –ø–æ–Ω–∏–º–∞–µ—Ç–µ —Å—É—Ç—å –≤—ã—à–µ—Å–∫–∞–∑–∞–Ω–Ω–æ–≥–æ, –Ω–∞—Ä–æ–¥ –¥–æ–ª–∂–µ–Ω –ø–æ—Ç—Ä–µ–±–æ–≤–∞—Ç—å —É –£–ö –∏ –¢–°–ñ, –∞ –≤–ª–∞—Å—Ç—å –ø–æ–ø—Ä–æ—Å–∏—Ç. –í–ª–∞—Å—Ç—å –æ–±—è–∑–∞–Ω–∞ —Ç—Ä–µ–±–æ–≤–∞—Ç—å, –ø—Ä–æ—Å–∏—Ç—å, –∑–∞—Å—Ç–∞–≤–ª—è—Ç—å, —á—Ç–æ —É–≥–æ–¥–Ω–æ, –Ω–∞—Ä–æ–¥ –Ω–µ –¥–æ–ª–∂–µ–Ω –¥–∞–∂–µ –¥—É–º–∞—Ç—å –æ–± —ç—Ç–æ–º. –ü–æ –≤—Å–µ–º—É –≤–∏–¥–∏–º–æ –≥–æ—Ä–æ–¥ –±—ã–ª –≥–æ—Ç–æ–≤ –∫ –∑–∏–º–µ –∫–∞–∫ –≤ –ö—Ä—ã–º—É –∏–ª–∏ –≤ –°–æ—á–∏ –Ω–∞–≤–µ—Ä–Ω–æ–µ."
194,"[club185180571|–ì–æ—Ä–æ–¥ –ë–∏–π—Å–∫], –∞ –≤—ä–µ–∑–¥—ã –≤ —á–∞—Å—Ç–Ω—ã–π —Å–µ–∫—Ç–æ—Ä –∫—Ç–æ –¥–æ–ª–∂–µ–Ω —á–∏—Å—Ç–∏—Ç—å?–Ω–µ—Ç –Ω–∏ —É–∫ –Ω–∏ —Ç—Å–∂! –ò —Ç–∞–∫ –ø–µ—Ä–µ—É–ª–∫–∞ —á–∏—Å—Ç–∏–º —Å–≤–æ–∏–º–∏ —Å–∏–ª–∞–º–∏ –∏ –ª–æ–ø–∞—Ç–∞–º–∏, —Ç—Ä–∞–∫—Ç–æ—Ä–∞ –≤—ã–∑—ã–≤–∞–µ–º –∑–∞ —Å–≤–æ–π —Å—á—ë—Ç. –û—Ç–≤–µ—Ç—å—Ç–µ –∫—Ç–æ –¥–æ–ª–∂–µ–Ω —á–∏—Å—Ç–∏—Ç—å? –î–æ—Ä–æ–≥–∞ –ø–æ –ø–µ—Ä–µ—É–ª–∫–∞–º –Ω–µ –≤ —Å–æ–±—Å—Ç–≤–µ–Ω–Ω–æ—Å—Ç–∏ –∂–∏—Ç–µ–ª–µ–π."
195,"[club185180571|–ì–æ—Ä–æ–¥ –ë–∏–π—Å–∫], —Ö–æ—Ä–æ—à –≤—Ä–∞—Ç—å —Å–Ω–µ–≥–æ–ø–∞–¥ –±—ã–ª —Ç—Ä–∏ –¥–Ω—è –≤—ã —Ç—Ä–∏ –¥–Ω—è —Å–∏–¥–µ–ª–∏ –∂–¥–∞–ª–∏ –ø–æ–∫–∞ –≤—Å—ë —É–∫–∞—Ç–∞—é—Ç, –∞ —Ç–µ–ø–µ—Ä—å —Å—Ç–æ–Ω–µ—Ç–µ —á—Ç–æ –≥–¥–µ —Ç–æ —Ç–∞–º —á—Ç–æ —Ç–æ –¥–µ–ª–∞–µ—Ç–µ. –ó–Ω–∞–∫–æ–º—ã—Ö –ª—é–¥–µ–π –¥–µ—Å—è—Ç–∫–∏, –Ω–∏ –æ–¥–∏–Ω –Ω–µ –≤–∏–¥–µ–ª —á—Ç–æ–±—ã —Å–Ω–µ–≥ —Å—á–∏—â–∞–ª–∏ –∏ –≤—ã–≤–æ–∑–∏–ª–∏, –æ–¥–Ω–æ —Ç–æ–ª—å–∫–æ –∑–Ω–∞–µ—Ç–µ —Å–≥—Ä–µ–±–∞—Ç—å –∫ –æ–±–æ—á–∏–Ω–∞–º –∏ —Å—ã–ø–∞—Ç—å –ø–µ—Å–æ–∫. –¢–æ–ª–∫—É –æ—Ç —ç—Ç–æ–≥–æ –Ω–∏–∫–∞–∫–æ–≥–æ"
196,"[club185180571|–ì–æ—Ä–æ–¥ –ë–∏–π—Å–∫], –¥—Ä—É–≥–æ–≥–æ –æ—Ç–≤–µ—Ç–∞ –æ–∂–∏–¥–∞—Ç—å –∏ –Ω–µ —Å—Ç–æ–∏–ª–æ"
197,"[id213256923|–ï–∫–∞—Ç–µ—Ä–∏–Ω–∞ –®–∏—Ä–∏–∫–æ–≤–∞], –¥–æ–±—Ä—ã–π –¥–µ–Ω—å! –í —á–∞—Å—Ç–Ω–æ–º —Å–µ–∫—Ç–æ—Ä–µ, –í—ã –º–æ–∂–µ—Ç–µ –æ—Ñ–æ—Ä–º–∏—Ç—å –∑–∞—è–≤–∫—É –Ω–∞ –≥—Ä–µ–π–¥–∏—Ä–æ–≤–∞–Ω–∏–µ –¥–æ—Ä–æ–≥–∏ —Å–ª–µ–¥—É—é—â–∏–º –æ–±—Ä–∞–∑–æ–º:  –Ω–∞–ø–∏—Å–∞—Ç—å –∑–∞—è–≤–ª–µ–Ω–∏–µ –æ—Ç –∂–∏—Ç–µ–ª–µ–π, —á—Ç–æ –≤—Å–µ —Å–æ–≥–ª–∞—Å–Ω—ã, —Å –ø–æ–¥–ø–∏—Å—å—é –≤—Å–µ—Ö –∂–∏—Ç–µ–ª–µ–π –æ–±—Ä–∞—Ç–∏—Ç—å—Å—è –≤ –ñ–ö–• –ø–æ —Ç–µ–ª–µ—Ñ–æ–Ω—É: +7 (3854) 40-51-48."
198,–£–∂–µ —Å–∞–º–æ–µ –≤—Ä–µ–º—è –ø—Ä–æ—è–≤–∏—Ç—å —Å–µ–±—è.
199,–û–±—ä—è—Å–Ω–µ–Ω–∏—è:
200,"[club26381326|–õ–µ–≤—ã–π –ë–∏–π—Å–∫],"
201,"–£–∂–∞—Å –ø—Ä–æ—Å—Ç–æ, –±–µ–∑ –º–∞—Ç–∞ –Ω–µ –æ–ø–∏—Å–∞—Ç—å —Å–∏—Ç—É–∞—Ü–∏—é. –í –≥–æ—Ä–æ–¥–µ —É–∂–∞—Å, –ø—Ä–æ –ó–∞—Ä–µ—á—å–µ —è –≤–æ–æ–±—â–µ –º–æ–ª—á—É"
202,"[id36186600|–•–∞–±–∞—Ä], –î–æ–±—Ä—ã–π –¥–µ–Ω—å! –î–∞, –¥–µ–π—Å—Ç–≤–∏—Ç–µ–ª—å–Ω–æ —Å–∏—Ç—É–∞—Ü–∏—è —Å –¥–æ—Ä–æ–≥–∞–º–∏ –æ—Å—Ç–∞–≤–ª—è–µ—Ç –∂–µ–ª–∞—Ç—å –ª—É—á—à–µ–≥–æ, –ø–æ—Å–ª–µ –º–µ—Ç–µ–ª–∏ —Å—Ä–∞–∑—É —Å–∏–ª—å–Ω–æ –æ–ø—É—Å—Ç–∏–ª–∞—Å—å —Ç–µ–º–ø–µ—Ä–∞—Ç—É—Ä–∞ –∏ –¥–æ—Ä–æ–∂–Ω–∏–∫–∏ –Ω–µ —É—Å–ø–µ–ª–∏ –æ–ø–µ—Ä–∞—Ç–∏–≤–Ω–æ —Å–ø—Ä–∞–≤–∏—Ç—å—Å—è —Å–æ —Å–Ω–µ–∂–Ω—ã–º–∏ –∑–∞–Ω–æ—Å–∞–º–∏, —Ä–∞–±–æ—Ç–∞—é—Ç –∫–∞–∂–¥—É—é –Ω–æ—á—å –ø–æ—Å—Ç–µ–ø–µ–Ω–Ω–æ –∏—Å–ø—Ä–∞–≤–ª—è—è —Å–ª–æ–∂–∏–≤—à—É—é—Å—è —Å–∏—Ç—É–∞—Ü–∏—é. . –ö–î–ú –ø–æ—Å—Ç–æ—è–Ω–Ω–æ –ø–æ—Å—ã–ø–∞—é—Ç –ø–µ—Å–∫–æ–º –¥–æ—Ä–æ–≥–∏, –ø–æ—Å—ã–ø–∞—é—Ç—Å—è –∏ –æ—Å—Ç–∞–Ω–æ–≤–∫–∏. –û—Å—Ç–∞–Ω–æ–≤–∫–∏ –ø—Ä–æ—á–∏—â–∞—é—Ç—Å—è –≤—Ä—É—á–Ω—É—é —Å–æ—Ç—Ä—É–¥–Ω–∏–∫–∞–º–∏ –¥–æ—Ä–æ–∂–Ω—ã—Ö –ø—Ä–µ–¥–ø—Ä–∏—è—Ç–∏–π. –û–¥–Ω–æ–º–æ–º–µ–Ω—Ç–Ω–æ –≤—Å–µ —ç—Ç–æ —Å–¥–µ–ª–∞—Ç—å –Ω–µ–≤–æ–∑–º–æ–∂–Ω–æ. –†–∞–±–æ—Ç–∞ –≤–µ–¥–µ—Ç—Å—è."
203,"[id517783027|–ö—Å–µ–Ω–∏—è], –¥–æ—á—å –∫–∞–ø–∏—Ç–∞–Ω–∞? –í—ã —Ö–æ—Ç—å –Ω–µ –ø–æ–¥ –∫–æ–ø–∏—Ä–∫—É –ø–∏—à–∏—Ç–µ –æ—Ç–≤–µ—Ç—ã —Å —Ñ–µ–π–∫–æ–≤—ã—Ö –∞–∫–∫–∞—É–Ω—Ç–æ–≤ ü§£ü§£ü§£ü§£"
204,"–í—Å–µ –ø—Ä–∞–∑–¥–Ω–∏–∫–∏ –µ–∑–¥–∏–ª –Ω–∞ —Ä–∞–±–æ—Ç—É –ø–æ 35 –º–∞—Ä—à—Ä—É—Ç—É. –¢–µ—Ö–Ω–∏–∫—É –≤–∏–¥–µ–ª –æ–¥–∏–Ω —Ç–æ–ª—å–∫–æ —Ä–∞–∑. –ê –≤—Ç–æ–±—É—Å—ã –ø–¥–æ—Ö–æ —Ö–æ–¥—è—Ç. –ñ–µ–Ω–∞ –Ω–∞ 35 —Å—Ç–æ–∏—Ç –Ω–∞ –æ—Å—Ç–æ–Ω–æ–≤–∫–∏ –ø–æ–¥–æ–ª–≥—É. –ö–æ–Ω–¥—É–∫—Ç–æ—Ä—ã –≥–æ–≤–æ—Ä—è—Ç —Å–∫–æ—Ä–æ,–µ–∑–¥–∏—Ç—å –≤–æ–æ–±—â–µ –Ω–µ–±—É–¥–µ–º.–ë–∞—Ä–¥–∞–∫."
205,"[id686446754|–í–∏–∫—Ç–æ—Ä –†—É–∫–∏–Ω] –ó–¥—Ä–∞–≤—Å—Ç–≤—É–π—Ç–µ. –ú—ã —Ä–µ–∞–≥–∏—Ä—É–µ–º, –∫–æ–≥–¥–∞ –≤–∏–¥–∏–º –∂–∞–ª–æ–±—É. –î–ª—è –ø—Ä–∏–Ω—è—Ç–∏—è –æ–ø–µ—Ä–∞—Ç–∏–≤–Ω—ã—Ö –º–µ—Ä —Ä–µ–∞–≥–∏—Ä–æ–≤–∞–Ω–∏—è —Ä–µ–∫–æ–º–µ–Ω–¥—É–µ–º –æ–±—Ä–∞—â–∞—Ç—å—Å—è –≤ —Å–ª—É–∂–±—ã –∏ –≤–µ–¥–æ–º—Å—Ç–≤–∞ –Ω–∞–ø—Ä—è–º—É—é.  –ö —Å–ª–æ–≤—É, —Ç–µ–ª. –¥–∏—Å–ø–µ—Ç—á–µ—Ä—Å–∫–æ–π ""–ë–∏–π—Å–∫–≥–æ—Ä—Ç—Ä–∞–Ω—Å–∞"": 55-55-09."
206,"[club185180571|–ì–æ—Ä–æ–¥ –ë–∏–π—Å–∫], –≤—ã –Ω–µ —Ä–µ–∞–≥–∏—Ä—É–π—Ç–µ –∞ –≤—Å–µ–π –≤–∞—à–µ–π –∫–æ–¥–ª–æ–π —Å –ª–æ–ø–∞—Ç–∞–º–∏ –≤–∞–ª–∏—Ç–µ –Ω–∞ —É–ª–∏—Ü—ã –∏ —á–∏—Å—Ç–∏—Ç–µ —Å–Ω–µ–≥ –µ—Å–ª–∏ –º–æ–∑–≥–æ–≤ –Ω–µ –±—ã–ª–æ –ø–Ω—É—Ç—å –¥–æ—Ä–æ–∂–Ω–∏–∫–æ–≤ –∫–∞–∫ —Å–Ω–µ–≥–æ–ø–∞–¥ –Ω–∞—á–∞–ª—Å—èü§£—Ä–µ–∞–≥–∏—Ä—É—é—â–∏–µ –≤—ã –Ω–∞—à–∏ü§£"
207,"–ú—ã –≤—á–µ—Ä–∞ —á—É—Ç—å –Ω–µ –≤—Ä–µ–∑–∞–ª–∏—Å—å –≤ –º–∞—à–∏–Ω—É –≤–ø–µ—Ä–µ–¥–∏, –∫–æ–≥–¥–∞ –∑–∞—Ç–æ—Ä–º–æ–∑–∏–ª–∏, –∞ –Ω–∞—à–∞ –º–∞—à–∏–Ω–∞ –µ—â—ë –ø—è—Ç—å —Å–µ–∫—É–Ω–¥ –ø–æ –≥–æ–ª–æ–ª—ë–¥—É –µ—Ö–∞–ª–∞. –°–º–æ—Ç—Ä–∏–º, –∞ —É –ø–µ—Ä–µ–¥–Ω–µ–π –º–∞—à–∏–Ω—ã –∞–≤–∞—Ä–∏–π–∫–∞ –≥–æ—Ä–∏—Ç. –ü–æ–∫–∞ –æ–±—ä–µ–∑–∂–∞–ª–∏ –µ—ë, –∑–∞–º–µ—Ç–∏–ª–∏, —á—Ç–æ —Ç–∞–º –µ—â—ë –æ–¥–Ω–∞ –º–∞—à–∏–Ω–∞ –≤–ø–µ—Ä–µ–¥–∏. –ö–æ—Ä–æ—á–µ, —Å—É–¥—è –ø–æ –≤—Å–µ–º—É, –æ–Ω–∏ —Ç–æ—á–Ω–æ —Ç–∞–∫ –∂–µ –ø—Ä–æ—Å–∫–æ–ª—å–∑–∏–ª–∏ –∏ –≤—Ä–µ–∑–∞–ª–∏—Å—å –¥—Ä—É–≥ –≤ –¥—Ä—É–≥–∞. –ù–∞–º –µ—â—ë –ø–æ–≤–µ–∑–ª–æ, —á—Ç–æ –Ω–∞—à–∞ –º–∞—à–∏–Ω–∞ —É—Å–ø–µ–ª–∞ –æ—Å—Ç–∞–Ω–æ–≤–∏—Ç—å—Å—è –≤ 10 —Å–º –æ—Ç –¥—Ä—É–≥–æ–π –º–∞—à–∏–Ω—ã –∏ –Ω–µ –≤—Ä–µ–∑–∞–ª–∞—Å—å."
208,"–ü—Ä–µ–∂–¥–µ —á–µ–º —Å–ø—Ä–∞—à–∏–≤–∞—Ç—å —Å –ø–æ–¥—Ä—è–¥—á–∏–∫–∞ –∏–ª–∏ –Ω–æ–≤–æ–≥–æ –º—ç—Ä–∞, –Ω—É–∂–Ω–æ –Ω–µ –ø–æ–ª–µ–Ω–∏—Ç—å—Å—è –æ—Ç–∫—Ä—ã—Ç—å –º—É–Ω–∏—Ü–∏–ø–∞–ª—å–Ω—ã–π –∫–æ–Ω—Ç—Ä–∞–∫—Ç –∏ –ø–æ—Å–º–æ—Ç—Ä–µ—Ç—å. –ò —Ç–æ–ª—å–∫–æ —Ç–æ–≥–¥–∞ –∑–∞–¥–∞–≤–∞—Ç—å –Ω—É–∂–Ω—ã–µ –≤–æ–ø—Ä–æ—Å—ã."
209,"[id35024838|–ê–ª–µ–∫—Å–µ–π], –∞ –ª—É—á—à–µ –∏–∑—É—á–∏—Ç—å –≤—Å—ë –∑–∞–∫–æ–Ω–æ–¥–∞—Ç–µ–ª—å—Å—Ç–≤–æ –†–§, –∏ —É–∂–µ —Å–º–æ—Ç—Ä–µ—Ç—å –Ω–∞ —Å—É–≥—Ä–æ–±—ã –∏ –Ω–∞–ª–µ–¥–∏ –¥–∞ –∏ –Ω–∞ –≤—Å–µ ""—è–∑–≤—ã"" –Ω–∞—à–µ–≥–æ –±—ã—Ç—å—è, –∫–∞–∫ –Ω–∞ –ø–æ–ª–∏—Ç–∏–∫—É –≥–æ—Å—É–¥–∞—Ä—Å—Ç–≤–∞."
210,"[id6743364|–í–ª–∞–¥–∏–º–∏—Ä], –∫–æ–Ω–∫—Ä–µ—Ç–Ω–æ –ø–æ –¥–∞–Ω–Ω–æ–º—É –≤–æ–ø—Ä–æ—Å—É –¥–æ—Å—Ç–∞—Ç–æ—á–Ω–æ –∑–Ω–∞–Ω–∏–µ 44-–§–ó."
211,"[id35024838|–ê–ª–µ–∫—Å–µ–π], –ø–æ–Ω—è—Ç–Ω–æ —á—Ç–æ –µ—Å—Ç—å –Ω–æ—Ä–º—ã –∏ –µ—Å—Ç—å –∫–æ–Ω—Ç—Ä–∞–∫—Ç, –≤ –∫–æ—Ç–æ—Ä–æ–º —á—Ç–æ-—Ç–æ –Ω–∞–ø–∏—Å–∞–Ω–æ. –ù–æ –≤—ã –Ω–µ –ø—Ä–∞–≤—ã —Å—á–∏—Ç–∞—è, —á—Ç–æ –ø—Ä–æ—Å—Ç–æ–π –≥—Ä–∞–∂–¥–∞–Ω–∏–Ω –¥–æ–ª–∂–µ–Ω —ç—Ç–∏–º –∑–∞–º–æ—Ä–∞—á–∏–≤–∞—Ç—å—Å—è. –ü—Ä–æ—Å—Ç–æ–π –≥—Ä–∞–∂–¥–∞–Ω–∏–Ω –¥–æ–ª–∂–µ–Ω –±–µ–∑–æ–ø–∞—Å–Ω–æ –µ–∑–¥–∏—Ç—å –∏ —Ö–æ–¥–∏—Ç—å –ø–æ –≥–æ—Ä–æ–¥—É. –ï—Å–ª–∏ —ç—Ç–æ–≥–æ –Ω–µ—Ç, —Ç–æ –ø—Ä–µ—Ç–µ–Ω–∑–∏–∏ —ç—Ç–æ –Ω–æ—Ä–º–∞–ª—å–Ω–æ. –ï—Å–ª–∏ —Ñ–µ–¥–µ—Ä–∞–ª—å–Ω—ã–π –∑–∞–∫–æ–Ω —ç—Ç–æ–º—É –º–µ—à–∞–µ—Ç, —Ç–æ –¥–∞–≤–∞–π—Ç–µ –µ–≥–æ –º–µ–Ω—è—Ç—å."
212,"[id6743364|–í–ª–∞–¥–∏–º–∏—Ä], —è –ø—Ä–æ—Å—Ç–æ–π –≥—Ä–∞–∂–¥–∞–Ω–∏–Ω. –ò –∫–æ–Ω—Ç—Ä–∞–∫—Ç –≤ –∫–æ—Ç–æ—Ä–æ–º ""—á—Ç–æ-—Ç–æ –Ω–∞–ø–∏—Å–∞–Ω–æ"" —Å–æ—Å—Ç–∞–≤–ª—è–µ—Ç—Å—è –Ω–∞ –æ—Å–Ω–æ–≤–µ –Ω–æ—Ä–º–∞—Ç–∏–≤–Ω—ã—Ö –¥–æ–∫—É–º–µ–Ω—Ç–æ–≤ —Ç–∞–∫–∏—Ö –∫–∞–∫ –°–ù–∏–ü 23-01-99* –∏ —Ç.–¥.
–Ø –Ω–∏–∫–æ–≥–æ –Ω–µ –∑–∞—â–∏—â–∞—é –∏ —Ç–æ–∂–µ –Ω–µ —Ä–∞–¥ —Ä–µ–∑—É–ª—å—Ç–∞—Ç–æ–º —Å–æ–¥–µ—Ä–∂–∞–Ω–∏—è –¥–æ—Ä–æ–≥ –≤ –∑–∏–º–Ω–µ–µ –≤—Ä–µ–º—è, –Ω–æ –Ω–µ ""–∑–∞–º–æ—Ä–∞—á–∏–≤–∞—è—Å—å"" –ø—Ä–æ—Å—Ç–æ –≥–æ–≤–æ—Ä–∏—Ç—å —á—Ç–æ –≤—Å—ë –ø–ª–æ—Ö–∏–µ –Ω–µ –ø—Ä–∞–≤–∏–ª—å–Ω–æ."
213,"[id35024838|–ê–ª–µ–∫—Å–µ–π], –¢–æ–ª—å–∫–æ –∑–∞, —á—Ç–æ –±—ã –Ω–µ —Ä—É–≥–∞—Ç—å, –∞ –∏–∑–º–µ–Ω—è—Ç—å —Å–∏—Ç—É–∞—Ü–∏—é.  –ï—Å–ª–∏ –≤—ã –ø–æ–≥—Ä—É–∂–µ–Ω—ã –≤ —Ç–µ–º—É, —Ç–æ –º–æ–∂–µ—Ç–µ –±—ã—Ç—å –æ—á–µ–Ω—å –ø–æ–ª–µ–∑–Ω—ã. –ù–∞–ø–∏—à–µ–º —Ç–æ–ª–∫–æ–≤–æ–µ –ø–∏—Å—å–º–æ –¥–µ–ø—É—Ç–∞—Ç–∞–º, —á—Ç–æ –≤ –∫–∞–∫–∏–µ –∑–∞–∫–æ–Ω—ã –∏ —Å–∞–Ω.–ø–∏–Ω—ã –Ω–∞–¥–æ –≤–Ω–µ—Å—Ç–∏ –ø–æ–ø—Ä–∞–≤–∫–∏, —á—Ç–æ –±—ã —ç—Ç–æ–≥–æ –Ω–µ –±—ã–ª–æ."
214,–ù–µ –∞–¥–µ–∫–≤–∞—Ç–Ω—ã–µ —á—Ç–æ–ª–∏? –ß—Ç–æ –≤—ã –Ω–µ—Å–µ—Ç–µ???
215,–¢–æ–ª—å–∫–æ –æ–ø–æ–∑–æ—Ä–∏–ª–∏ —Å–≤–æ–∏—Ö –º—É–∂–µ–π. –ó–∞—â–∏—Ç–Ω–∏–∫–∏ —é–±–æ–∫.
216,"–í–æ–æ–±—â–µ-—Ç–æ  –º—É–∂–∏–∫–∏ –Ω–∞ –≤–æ–π–Ω–µ,–∞ –Ω–µ –≤ —Ç–µ–∞—Ç—Ä–µ....."
217,"[id468934106|–ê–Ω–¥—Ä–µ–π], —Å–µ–π—á–∞—Å —Ç–∞–∫–æ–µ –Ω–µ–ª—å–∑—è –≥–æ–≤–æ—Ä–∏—Ç—å."
218,"[id13408214|–ö–æ–Ω—Ä–∞–¥],–∞ —á—Ç–æ  –Ω–µ —Ç–∞–∫?"
219,"[id468934106|–ê–Ω–¥—Ä–µ–π], —Ç–∞–∫ –≤–µ–¥—å —Å –ø–æ–∑–∏—Ü–∏–∏ –≤–ª–∞—Å—Ç–∏ –Ω–µ—Ç –Ω–∏–∫–∞–∫–æ–π –≤–æ–π–Ω—ã.
–ï—Å—Ç—å —Ç–æ–ª—å–∫–æ –°–í–û.
–ê –∑–∞ –≤—ã—Å–∫–∞–∑—ã–≤–∞–Ω–∏—è –æ –≤–æ–π–Ω–µ –æ–Ω–∏ –º–æ–≥—É—Ç –ø—Ä–∏–ø–ª–µ—Å—Ç–∏ –∏ ""–∫–æ–º–ø—Ä–æ–º–µ—Ç–∏—Ä–æ–≤–∞–Ω–∏–µ –¥–µ–π—Å—Ç–≤–∏–π –í–° –†–§ –Ω–∞ —Ç–µ—Ä—Ä–∏—Ç–æ—Ä–∏–∏ –£–∫—Ä–∞–∏–Ω—ã"".
–ú–Ω–µ –≤ —Å–µ–Ω—Ç—è–±—Ä–µ —É–∂–µ –ø—Ä–∏—à–ª–æ—Å—å –¥–∞–≤–∞—Ç—å –æ–±—ä—è—Å–Ω–µ–Ω–∏—è –ø–æ–ª–∏—Ü–∏–∏.
–ú–µ—Å—Ç–Ω—ã–π —è–ø–æ–Ω–µ—Ü-—Ä–µ–∫–æ–Ω—Å—Ç—Ä—É–∫—Ç–æ—Ä –Ω–∞–∫–∞—Ç–∞–ª –∫–ª—è—É–∑—É ))
–î–º–∏—Ç—Ä–∏–π –Ø–∫—É–Ω–∏–Ω, –∏–ª–∏ –ü–æ–ª—è–Ω—Å–∫–∏–π –æ–Ω, —Ñ–∏–≥ —Ä–∞–∑–±–µ—Ä—ë—à—å...."
220,–ö–æ–º—É –Ω–∞–¥–æ —Ç–æ—Ç –ø–æ–π–º—ë—Ç....
221,"[id468934106|–ê–Ω–¥—Ä–µ–π], –¥–∞ –≥–ª–∞–≤–Ω–æ–µ, —á—Ç–æ–±—ã –æ—Ä–≥–∞–Ω—ã –Ω–µ –ø—Ä–∏–∫–æ–ø–∞–ª–∏—Å—å."
222,"–ò –≤–æ–æ–±—â–µ,–∫–æ–≥–¥–∞ –∂–µ–Ω—ã —Å—Ç–∞–ª–∏ —Ä–µ—à–∞—Ç—å –∫–æ–º—É –∏ —á—Ç–æ –Ω—É–∂–Ω–æ –¥–µ–ª–∞—Ç—å –≤ —Å—Ç—Ä–∞–Ω–µ?üòè–î—É—Ä–¥–æ–º"
223,"[id220596251|–ï–∫–∞—Ç–µ—Ä–∏–Ω–∞], –¥–ª—è –≤–∞—Å –Ω–∞—à—ë–ª –∏—Å—Ç–æ—Ä–∏—é 411 –≥. –¥–æ –Ω.—ç., –¥—É–º–∞—é –∏—Å–ø–æ–∫–æ–Ω –≤–µ–∫–æ–≤ –≤—ã –∫—Ä—É—Ç–∏—Ç–µ –Ω–∞–º–∏."
224,"[id220596251|–ï–∫–∞—Ç–µ—Ä–∏–Ω–∞], –∞ –≤–æ—Ç –µ—â—ë –æ–¥–Ω–∞ –∏—Å—Ç–æ—Ä–∏—è –±–æ–ª–µ–µ —Å–æ–≤—Ä–µ–º–µ–Ω–Ω–∞—è –∏ —Ä–µ–∞–ª—å–Ω–∞—è."
225,"[id220596251|–ï–∫–∞—Ç–µ—Ä–∏–Ω–∞], –≤–æ–æ–±—â–µ –≥–æ—Å—É–¥–∞—Ä—Å—Ç–≤–æ —ç—Ç–æ –ª—é–¥–∏. –ò –æ—Ç –≤–∞—Å –∂–¥—É—Ç, —á—Ç–æ–±—ã –≤—ã –±–æ—Ä–æ–ª–∏—Å—å, –∑–∞—â–∏—â–∞–ª–∏ —Å–≤–æ–∏ –∏–Ω—Ç–µ—Ä–µ—Å—ã –∫–∞–∫ —Å–æ –≤–Ω–µ—à–Ω–∏–º –≤—Ä–∞–≥–æ–º, —Ç–∞–∫ —Å –≤–Ω—É—Ç—Ä–µ–Ω–Ω–∏–º - –∫–æ—Ä—Ä—É–ø—Ü–∏–µ–π, –±–µ–∑–∞–ª–∞–±–µ—Ä–Ω–æ—Å—Ç—å—é, —Ñ–æ—Ä–º–∞–ª—å–Ω—ã–º –æ—Ç–Ω–æ—à–µ–Ω–∏–µ–º. –í–µ–¥—å –ø—Ä–∏ —Ç–∞–∫–æ–º –æ—Ç–Ω–æ—à–µ–Ω–∏–∏ –∫ –¥—Ä—É–≥ –¥—Ä—É–≥—É –Ω–∏–∫–∞–∫–æ–≥–æ —Å–≤–µ—Ç–ª–æ–≥–æ –±—É–¥—É—â–µ–≥–æ –∂–¥–∞—Ç—å –Ω–µ —Å—Ç–æ–∏—Ç"
226,"[id220596251|–ï–∫–∞—Ç–µ—Ä–∏–Ω–∞], —Å —Ç–µ—Ö –ø–æ—Ä, –∫–∞–∫ –±–æ–ª—å—à–µ–≤–∏–∫–∏ –æ–±—ä—è–≤–∏–ª–∏ —Ä–∞–≤–Ω–æ–ø—Ä–∞–≤–∏–µ.
–ê –¥–æ —Ç–æ–≥–æ –∏—Ö –º–Ω–µ–Ω–∏–µ –Ω–∏–∫—Ç–æ –æ—Å–æ–±–æ –∏ –Ω–µ —Å–ø—Ä–∞—à–∏–≤–∞–ª.
–¢–æ–ª—å–∫–æ –≤–æ—Ç –µ—Å–ª–∏ —Å–ø—Ä–∞—à–∏–≤–∞—Ç—å –∏–º–µ–Ω–Ω–æ –º–æ—ë –º–Ω–µ–Ω–∏–µ, —Ç–æ —è —Å–∫–∞–∂—É, —á—Ç–æ –∂–µ–Ω—â–∏–Ω—ã –Ω–∞–º–Ω–æ–≥–æ –±–æ–ª–µ–µ –∑–∞–∏–Ω—Ç–µ—Ä–µ—Å–æ–≤–∞–Ω—ã –≤ –º–∏—Ä–Ω–æ–º —É—Ä–µ–≥—É–ª–∏—Ä–æ–≤–∞–Ω–∏–∏ –∫–æ–Ω—Ñ–ª–∏–∫—Ç–∞.
–ò–º–µ–Ω–Ω–æ –æ–Ω–∏ –ø–æ–∫–∞ —á—Ç–æ –±–µ—Ä—É—Ç –Ω–∞ —Å–µ–±—è –±–æ–ª—å—à—É—é —á–∞—Å—Ç—å —Ä–∞–±–æ—Ç—ã –ø–æ –≤–æ—Å–ø—Ä–æ–∏–∑–≤–æ–¥—Å—Ç–≤—É —á–µ–ª–æ–≤–µ—á–µ—Å—Ç–≤–∞, –≤–æ—Å–ø–∏—Ç–∞–Ω–∏—é –∏ –≤—Å–µ–º—É –ø—Ä–æ—á–µ–º—É.
–ò –∏–º–µ–Ω–Ω–æ –æ–Ω–∏ –Ω–∞–º–Ω–æ–≥–æ –±–æ–ª—å—à–µ –ø–µ—Ä–µ–∂–∏–≤–∞—é—Ç, —á—Ç–æ–±—ã –∏—Ö —Ç—Ä—É–¥—ã –Ω–µ –ø–æ—à–ª–∏ –ø—Ä–∞—Ö–æ–º.
–¢–∞–∫ —á—Ç–æ —è –∏—Ö –æ—á–µ–Ω—å –ø–æ–Ω–∏–º–∞—é.
–î–∞–∂–µ —Ç–æ—Ç —Ñ–∞–∫—Ç, —á—Ç–æ –º–æ–µ–≥–æ —Ä–µ–±—ë–Ω–∫–∞ –º–æ–≥—É—Ç –≤ –±—É–¥—É—â–µ–º –ø—Ä–æ—Å—Ç–æ –ø—Ä–∏–∑–≤–∞—Ç—å –≤ –∞—Ä–º–∏—é ( –¥–∞–∂–µ –Ω–µ –Ω–∞ –±–æ–µ–≤—ã–µ –¥–µ–π—Å—Ç–≤–∏—è. –∞ –ø—Ä–æ—Å—Ç–æ –≤ –∞—Ä–º–∏—é ) - —É–∂–µ –≤—ã–∑—ã–≤–∞–µ—Ç —É –º–µ–Ω—è –Ω–µ–Ω–∞–≤–∏—Å—Ç—å –∫ –Ω–∞—à–µ–π –Ω—ã–Ω–µ—à–Ω–µ–π –≤–ª–∞—Å—Ç–∏.
–ù–µ –¥–ª—è —Ç–æ–≥–æ —Ä–∞—Å—Ç–∏–ª–∏ –∏ –≤–æ—Å–ø–∏—Ç—ã–≤–∞–ª–∏ –ø–æ—Ä—è–¥–æ—á–Ω—ã–º, —á–µ—Å—Ç–Ω—ã–º –∏ —Å–ø—Ä–∞–≤–µ–¥–ª–∏–≤—ã–º, —á—Ç–æ–±—ã —ç—Ç–æ–º—É –Ω–µ–ø–æ—Ä—è–¥–æ—á–Ω–æ–º—É –∏ –Ω–µ—Å–ø—Ä–∞–≤–µ–¥–ª–∏–≤–æ–º—É –≥–æ—Å—É–¥–∞—Ä—Å—Ç–≤—É —Å–ª—É–∂–∏—Ç—å!"
227,–£ –Ω–∞—à–∏—Ö –±–µ–¥ –æ–¥–Ω–æ –Ω–∞—á–∞–ª–æ..... –°–∏–¥–µ–ª–∞ –∂–µ–Ω—â–∏–Ω–∞ —Å–∫—É—á–∞–ª–∞....
228,"[id102447466|–õ—ë–ª—è], —ç—Ç–æ –Ω–∞–∑—ã–≤–∞–µ—Ç—Å—è ""—Å–∫—É—á–∞—Ç—å""?"
229,"–ù–µ –æ—á–µ–Ω—å –ø–æ–∑–∏—Ç–∏–≤–Ω–æ, –Ω–æ.. ü§∑‚Äç‚ôÄÔ∏è
–° –Ω–∞—Å—Ç—É–ø–∞—é—â–∏–ºü•Ç"
230,"*—Å—Ç–∞—Ä–∞—Ç–µ–ª—å–Ω–æ —É–±–∏—Ä–∞–µ—Ç –ø–∞–ª—å—Ü—ã –æ—Ç –±—É–∫–æ–≤–æ–∫, —á—Ç–æ–± –Ω–µ —Ä—É–≥–∞—Ç—å—Å—è* .... 
–û–±—ä–µ–¥–∏–Ω—è—Ç—å—Å—è. –ò –∂–∏—Ç—å. –°–≤–æ—é. –ñ–∏–∑–Ω—å. –°–∞–º–∏–º."
231,–•–æ—Ä–æ—à–∞—è –±—ã–ª–∞ —Å—Ç—Ä–∞–Ω–∞!
232,"[id500153966|–£–ª—å—è–Ω–∞], –õ—é–¥–∏!"
233,"[id110412203|Dmitriy], –¥–∞, –∏ –ª—é–¥–∏ –±—ã–ª–∏ –õ—é–¥—å–º–∏,  –∏ –º–æ–∂–Ω–æ –±—ã–ª–æ –ñ–∏—Ç—å,  –Ω–µ —Ç–∞–∫, –∫–∞–∫ —Å–µ–π—á–∞—Å....."
234,–ü–∏–¥...—Ä—ã –æ–Ω–∏ –≤—Å–µ
235,"–ú—ã —Ç—É—Ç –∑–∞–∫–æ–Ω—á–∏–ª–∏ —Å–æ–±–∏—Ä–∞—Ç—å –ø–æ–¥–ø–∏—Å–∏ –ø–æ–¥ –æ–±—Ä–∞—â–µ–Ω–∏–µ–º –∫ –ú–∏—à—É—Å—Ç–∏–Ω—É –ø—Ä–æ—Ç–∏–≤ –ø–æ–≤—ã—à–µ–Ω–∏—è –ñ–ö–•. –ï—Å–ª–∏ –º—ã –Ω–µ —Ç–∞–∫ –ø–æ–Ω—è–ª–∏ –≥—Ä–∞–¥–æ–Ω–∞—á–∞–ª—å–Ω–∏–∫–∞, —Ç–æ –≥–æ—Ç–æ–≤—ã –∑–∞–≤—Ç—Ä–∞ –ø—Ä—è–º–æ —Å—É—Ç—Ä–∞ –≤–∑—è—Ç—å —Å –Ω–µ–≥–æ –ø–æ–¥–ø–∏—Å—å –ø–æ–¥ —ç—Ç–∏–º –ø–∏—Å—å–º–æ–º –∏, –∫–æ–Ω–µ—á–Ω–æ, —Ä–∞—Å—Å–∫–∞–∂–µ–º, —á—Ç–æ –±—ã–ª–∏ –Ω–µ –ø—Ä–∞–≤—ã, –∞ –Ω–∞ —Å–∞–º–æ–º –¥–µ–ª–µ –æ–Ω –ø—Ä–æ—Ç–∏–≤ –∏ —Ä–∞—Å–ø–∏—Å–∞–ª—Å—è –ø–æ–¥ –ø–∏—Å—å–º–æ–º –ú–∏—à—É—Å—Ç–∏–Ω—É. –ù–∞—à–∏ –∫–æ–Ω—Ç–∞–∫—Ç—ã –≤ –∞–¥–º–∏–Ω–∏—Å—Ç—Ä–∞—Ü–∏–∏ –µ—Å—Ç—å."
236,–ï–≥–æ –∫—Ç–æ-—Ç–æ —Å—á–∏—Ç–∞–µ—Ç –º—ç—Ä–æ–º —Ä–µ–∞–ª—å–Ω–æ?
237,"–ì–æ—Ä–æ–∂–∞–Ω–µ –≤—ã–±—Ä–∞–ª–∏ –¥–µ–ø—É—Ç–∞—Ç–æ–≤. –î–µ–ø—É—Ç–∞—Ç—ã –ø–æ—Å—Ç–∞–≤–∏–ª–∏ ""—Å–≤–æ–µ–≥–æ"" –æ —á–µ–º –≥–æ–≤–æ—Ä–∏—Ç—å?"
238,–ö–∞–∫–∏–µ –ø–æ–≤—ã—à–µ–Ω–∏—è? –ö—É–∫—É—à–∫–∞ –ø–æ–µ—Ö–∞–ª–∞? –ù–∞ –ê–ª—Ç–∞–µ —Å–∞–º—ã–µ –±–æ–ª—å—à–∏–µ —Ü–µ–Ω—ã –Ω–∞ –∂–∏–∑–Ω—å –∏ —Å–∞–º—ã–µ –º–∞–ª–µ–Ω—å–∫–∏–µ –∑–∞—Ä–ø–ª–∞—Ç—ã –≤ –†–æ—Å—Å–∏–∏
239,"–ê –ø—Ä–æ –ø–µ–Ω—Å–∏–æ–Ω–µ—Ä–æ–≤ —Å–æ–≤—Å–µ–º –Ω–µ –¥—É–º–∞—é—Ç, –∞ –ø–æ—Ç–æ–º —Å—Ç–∞—Ç—É –≤—ã–∫–ª–∞–¥—ã–≤–∞—é—Ç —á—Ç–æ –ø–µ–Ω—Å–∏–æ–Ω–µ—Ä—ã –±–æ–ª—å—à–µ –≤—Å–µ—Ö –≤–æ—Ä—É—é—Ç. –ò—Å—Ç–æ—Ä–∏—è —á—Ç–æ –¥–µ–ª–∞—Ç—å –∫–æ–≥–¥–∞ –¥–æ–º–∞ –∂—Ä–∞—Ç—å –Ω–µ—á–µ–≥–æ, –ê–ê–ê –∞–∞–∞ —É–ø—ã—Ä–∏ –≤—Å–µ –∫–æ—Ä–º–∞–Ω—ã –±–µ–∑–¥–æ–Ω–Ω—ã–µ –Ω–∞–±–∏—Ç—å –Ω–µ –º–æ–≥—É—Ç. –í –æ–ø—Ç–µ–∫—É –∑–∞—à–µ–ª —á—É—Ç—å –≥–ª–∞–∑ –Ω–µ –≤—ã–ø–∞–ª, –ø—Ä–æ—à–ª–æ–º –≥–æ–¥—É –º—É–∫–∞–ª—Ç–∏–Ω 18‚ÇΩ —Å—Ç–æ–∏–ª –∑–∞ —Å—Ç–∞–Ω–¥–∞—Ä—Ç –≤ –º—è–≥–∫–æ–π —É–ø–∞–∫–æ–≤–∫–µ, –∞ —â–∞—Å 120‚ÇΩ —Å–æ–≤—Å–µ–º —Å —É–º–∞ –ø–æ—Å—Ö–æ–¥–∏–ª–∏"
240,–°–∫–∏–Ω—å—Ç–µ —Å—Å—ã–ª–∫—É –Ω–∞ —Ç–µ–ª–µ–≥—Ä–∞–º–º –∫–∞–Ω–∞–ª.
241,"[id94831323|–ê–Ω–∞—Ç–æ–ª–∏–π],t.me/shchigrev_bsk"
242,"[id52330881|–ê–Ω–∞—Ç–æ–ª–∏–π], —Å–ø–∞—Å–∏–±–æ"
243,–í—Ä–æ–¥–µ —Ç–∞–∫
244,"–ê —á—Ç–æ –µ—â—ë –º–æ–∂–Ω–æ –±—ã–ª–æ –æ—Ç –Ω–µ–≥–æ –∂–¥–∞—Ç—å? –£–±–∏—Ä–∞—Ç—å –µ–≥–æ –Ω–∞–¥–æ –≤–º–µ—Å—Ç–µ  —Å –¥—É–º–æ–π, –∑–∞—Å–µ–ª–∏ –¥–∞—Ä–º–æ–µ–¥—ã –∏ –ª–∏–∫—É—é—Ç"
245,"[id143373585|–û–ª—å–≥–∞], –≥–¥–µ –∂–µ –≤—ã –±—ã–ª–∏ 11 —Å–µ–Ω—Ç—è–±—Ä—è üò≠"
246,"[id6743364|–í–ª–∞–¥–∏–º–∏—Ä], —Ç–∞–º –∂–µ –≥–¥–µ –∏ –≤—Å–µ"
247,–ë–∏–∑–Ω–µ—Å —Å–≤–æ–π –ø—Ä–æ–¥–≤–∏–≥–∞—é—Ç –∏ –≤—Å–µ –Ω–∞ —ç—Ç–æ–º !
248,–ù–∞ —Ñ–æ—Ç–æ –ë–µ–ª–∫–∞
249,"–ú–∞—à–∏–Ω–∞ - —Å—Ä–µ–¥—Å—Ç–≤–æ –≤—ã–≥–æ–¥–Ω–æ–≥–æ –ø–µ—Ä–µ–¥–≤–∏–∂–µ–Ω–∏—è->–ø–æ–≤—ã—à–∞—é—Ç—Å—è —Ü–µ–Ω—ã –Ω–∞ –æ–±—Å–ª—É–∂–∏–≤–∞–Ω–∏–µ. 
–û–±—â–µ—Å—Ç–≤–µ–Ω–Ω—ã–π —Ç—Ä–∞–Ω—Å–ø–æ—Ä—Ç - –Ω–µ—É–¥–æ–±–Ω–æ, –∑–∞ —Ç–æ –¥–µ—à–µ–≤–ª–µ -> –ø–æ–≤—ã—Å–∏—Ç—å —Ü–µ–Ω—ã.
–•–æ–¥–∏—Ç—å –ø–µ—à–∫–æ–º - –¥–æ–ª–≥–æ –∏ –Ω–µ—É–¥–æ–±–Ω–æ(–ø–æ–≥–æ–¥–∞ –∂–µ) -> –ø–ª–∞—Ç–Ω—ã–π —Ç—Ä–æ—Ç—É–∞—Ä?"
250,"[id227084266|–†–æ—Å—Ç–∏—Å–ª–∞–≤], –≤–∞—Ä–∏–∞–Ω—Ç –æ—Ç—Å—É—Ç—Å—Ç–≤–∏–µ —Ç—Ä–æ—Ç—É–∞—Ä–æ–≤, –Ω–æ—Ä–º? –ß—Ç–æ –±—ã –±—ã–ª–æ —É–¥–æ–±–Ω–æ –∞–≤—Ç–æ–º–æ–±–∏–ª–∏—Å—Ç–∞–º –¥–µ–ª–∞—é—Ç –¥–æ–ø–æ–ª–Ω–∏—Ç–µ–ª—å–Ω—ã–µ –ø–æ–ª–æ—Å—ã –∑–∞ —Å—á—ë—Ç –∑–µ–ª—ë–Ω—ã—Ö –Ω–∞—Å–∞–∂–¥–µ–Ω–∏–π –∏ —Ç—Ä–æ—Ç—É–∞—Ä–æ–≤. –≠—Ç–æ –ø–æ–∫–∞ –Ω–µ –ø—Ä–æ–±–ª–µ–º–∞ –∏–º–µ–Ω–Ω–æ –Ω–∞—à–µ–≥–æ –≥–æ—Ä–æ–¥–∞, –Ω–æ –º–∏—Ä–æ–≤–æ–π —Ç—Ä–µ–Ω–¥ –∫—Ä—É–ø–Ω—ã—Ö –≥–æ—Ä–æ–¥–æ–≤. –ù–µ—Ç —Ç—Ä–æ—Ç—É–∞—Ä–æ–≤ –ø—Ä–∏–¥—ë—Ç—Å—è –∏–ª–∏ —Å–∞–¥–∏—Ç—Å—è –∑–∞ —Ä—É–ª—å –∏–ª–∏ –ø–æ–ª—å–∑–æ–≤–∞—Ç—å—Å—è –æ–±—â–µ—Å—Ç–≤–µ–Ω–Ω—ã–º —Ç—Ä–∞–Ω—Å–ø–æ—Ä—Ç–æ–º, —á—Ç–æ –¥–∞–ª—å—à–µ –Ω–∞–≥—Ä—É–∂–∞–µ—Ç –∞–≤—Ç–æ–¥–æ—Ä–æ–≥–∏. –ù–∞–ø—Ä–∏–º–µ—Ä —É –Ω–∞—Å –≤ –≥–æ—Ä–æ–¥–µ –º–æ–∂–Ω–æ –≤ –∫–∞—á–µ—Å—Ç–≤–µ –∫–≤–µ—Å—Ç–∞ –ø—Ä–µ–æ–¥–æ–ª–µ—Ç—å –ø–µ—à–∫–æ–º –ø—É—Ç—å –æ—Ç –æ—Å—Ç–∞–Ω–æ–≤–∫–∏ ""–õ–µ–Ω—Ç–∞"" –¥–æ ""–°—Ç–∞—Ö–∞–Ω–æ–≤—Å–∫–∞—è"" - —Å–∫–∞–∂—É —Å—Ä–∞–∑—É –º–∞–ª–æ —É–¥–æ–≤–æ–ª—å—Å—Ç–≤–∏—è."
251,"[id6743364|–í–ª–∞–¥–∏–º–∏—Ä], –≤ –º–∏—Ä–µ —Ç—Ä–µ–Ω–¥ –≤–µ–ª–æ—Å–∏–ø–µ–¥ –∏ –≤—Å—è–∫–∏–µ —ç–ª–µ–∫—Ç—Ä–æ..."
252,"–¢–∞–∫ –≤—Ä–æ–¥–µ –≤–ª–∞—Å—Ç—å –ø–æ–º–µ–Ω—è–ª–∞—Å—å. 
–í –Ω–∞—à–µ –≤—Ä–µ–º—è, –∫–æ–≥–¥–∞ –∏–Ω—Ç–µ—Ä–Ω–µ—Ç –∑–∞—Ö–≤–∞—Ç–∏–ª –≤—Å–µ –∏–Ω—Ñ–æ—Ä–º–∞—Ü–∏–æ–Ω–Ω—ã–µ –Ω–∏—à–∏ –∏ —Ü–µ–ª–µ–≤—ã–µ –∞—É–¥–∏—Ç–æ—Ä–∏–∏ –æ—Ç –º–∞–ª–æ –¥–æ –≤–µ–ª–∏–∫–∞, –≤–æ–∑–¥–µ–π—Å—Ç–≤–æ–≤–∞—Ç—å –Ω–∞ –º–∞—Å—Å—ã –º–æ–∂–Ω–æ –∏ –±–µ–∑ –ø—Ä–∞–∑–¥–Ω–∏—á–Ω—ã—Ö —Ç—Ä–∞–º–≤–∞–µ–≤. 
–•–≤–∞—Ç–∏—Ç –º—ã—Å–ª–∏—Ç—å –∫–∞–∫ 50-100 –ª–µ—Ç –Ω–∞–∑–∞–¥. 
–ß—Ç–æ–± –ø—Ä–∏–≤–ª–µ—á—å –≤–Ω–∏–º–∞–Ω–∏–µ –ª—é–¥–µ–π –Ω–µ –Ω—É–∂–Ω—ã –Ω–∏ –º–∏—Ç–∏–Ω–≥–∏ –Ω–∏ —Ç—Ä–∞–Ω—Å–ø–æ—Ä–∞–Ω—Ç—ã, —ç—Ç–æ —Å–∫–æ—Ä–µ–µ –æ—Ç—Ç–∞–ª–∫–∏–≤–∞–µ—Ç –º–æ–ª–æ–¥—ë–∂—å. 
–†–∞–∑–ª–∏—á–Ω—ã–µ –≥—Ä—É–ø–ø–∏—Ä–æ–≤–∫–∏ –¥–µ—è—Ç–µ–ª—å–Ω–æ—Å—Ç—å –∫–æ—Ç–æ—Ä—ã—Ö –∑–∞–ø—Ä–µ—â–µ–Ω–∞ –≤ –†–§  –∏ —Ç–æ —É–º—É–¥—Ä—è—é—Ç—Å—è –Ω–∞–π—Ç–∏ —Ç–µ—Ö, –∫—Ç–æ —Ä–∞–∑–¥–µ–ª—è–µ—Ç –∏—Ö –≤–∑–≥–ª—è–¥—ã"
253,"[id506191335|Circ], –º–Ω–µ –≤—Å–µ–≥–¥–∞ —Å—Ç—Ä–∞–Ω–Ω–æ —Å–ª—ã—à–∞—Ç—å, –∫–æ–≥–¥–∞ –≥–æ–≤–æ—Ä—è—Ç, –∫–∞–∫–∏–º–∏ –¥–æ–ª–∂–Ω—ã –±—ã—Ç—å –∫–æ–º–º—É–Ω–∏—Å—Ç—ã –∏ —á—Ç–æ –æ–Ω–∏ –¥–æ–ª–∂–Ω—ã –¥–µ–ª–∞—Ç—å... –í—Å–µ–≥–¥–∞ —Ö–æ—á–µ—Ç—Å—è —Å–∫–∞–∑–∞—Ç—å —Ç–∞–∫–æ–º—É —á–µ–ª–æ–≤–µ–∫—É: –í—ã –Ω–µ –∫–æ–º–º—É–Ω–∏—Å—Ç –≤—ã –Ω–µ —Ä–∞–∑–¥–µ–ª—è–µ—Ç–µ –Ω–∞—à–∏ –≤–∑–≥–ª—è–¥—ã. –û—Ç–∫—É–¥–∞ –≤–∞–º –∑–Ω–∞—Ç—å? 
–ò –ø—Ä–æ—Å—Ç –Ω–µ –ø—Ä–æ —Ç–æ, —á—Ç–æ –º—ã –¥–æ–ª–∂–Ω—ã –¥–µ–ª–∞—Ç—å. –í—ã –Ω–µ –ø–æ–Ω—è–ª–∏ –ø—Ä–æ —á—Ç–æ –Ω–∞–ø–∏—Å–∞–Ω–æ."
254,"[id6743364|–í–ª–∞–¥–∏–º–∏—Ä], –≤–∑–≥–ª—è–Ω–∏—Ç–µ –Ω–∞ —ç—Ç—É —Å–∏—Ç—É–∞—Ü–∏—é –≥–ª–∞–∑–∞–º–∏ –≤–∞—à–∏—Ö –∏–¥–µ–æ–ª–æ–≥–æ–≤  –≤–µ—Ä—à–∏–≤—à–∏—Ö —Ä–µ–≤–æ–ª—é—Ü–∏—é —á—É—Ç—å –±–æ–ª–µ–µ 100 –ª–µ—Ç –Ω–∞–∑–∞–¥. 
–ó–∞–º–µ—Ç—å—Ç–µ –∏–º –±—ã–ª–æ —Ç—è–∂–µ–ª–µ–µ, –æ–ø–∞—Å–Ω–µ–µ, –∏–º –≥—Ä–æ–∑–∏–ª–∏ —Ä–µ–∞–ª—å–Ω—ã–µ —Å—Ä–æ–∫–∏, –Ω–æ –æ–Ω–∏ –Ω–µ –∂–∞–ª–æ–≤–∞–ª–∏—Å—å"
255,"[id506191335|Circ], –Ω–∞–º —Ç–æ–∂–µ –≥—Ä–æ–∑—è—Ç —Ä–µ–∞–ª—å–Ω—ã–µ —Å—Ä–æ–∫–∏. –ò —à—Ç—Ä–∞—Ñ—ã, –∫–æ—Ç–æ—Ä—ã–µ –Ω–∞–º–Ω–æ–≥–æ —Å—Ç—Ä–∞—à–Ω–µ–µ —Å—Ä–æ–∫–æ–≤.
–ò –º—ã –Ω–µ —Å–¥–∞—ë–º—Å—è, –∏ –ø—Ä–æ–¥–æ–ª–∂–∞–µ–º —Ä–∞–±–æ—Ç–∞—Ç—å, –∏—Å–ø–æ–ª—å–∑—É—è —Ç–µ —Ä–µ—Å—É—Ä—Å—ã, –∫–æ—Ç–æ—Ä—ã–µ –∏–º–µ—é—Ç—Å—è, —Ç–æ—Ç –∂–µ –∏–Ω—Ç–µ—Ä–Ω–µ—Ç.
–ù–æ –¥–∞–≤—è—Ç –∏ –≤ –∏–Ω—Ç–µ—Ä–Ω–µ—Ç–µ.
–õ–∏—á–Ω–æ –º–Ω–µ —Ç–æ–ª—å–∫–æ –≤ —Å–µ–Ω—Ç—è–±—Ä–µ —ç—Ç–æ–≥–æ –≥–æ–¥–∞ –ø—Ä–∏—à–ª–æ—Å—å –¥–∞–≤–∞—Ç—å –æ–±—ä—è—Å–Ω–∏—Ç–µ–ª—å–Ω—ã–µ –°–ª–µ–¥—Å—Ç–≤–µ–Ω–Ω–æ–º—É –ö–æ–º–∏—Ç–µ—Ç—É –∏ –ø–æ–ª–∏—Ü–∏–∏ –ø–æ –¥–≤—É–º—è –∫–ª—è—É–∑–∞–º: –∑–∞ –ø—É–±–ª–∏–∫–∞—Ü–∏–∏, —Å–æ–¥–µ—Ä–∂–∞—â–∏–µ —è–∫–æ–±—ã –æ—Å–∫–æ—Ä–±–ª–µ–Ω–∏—è —á—É–≤—Å—Ç–≤ –≤–µ—Ä—É—é—â–∏—Ö –∏ –¥–∏—Å–∫—Ä–µ–¥–∏—Ç–∞—Ü–∏—é –¥–µ–π—Å—Ç–≤–∏–π –í–° –†–§ –ø—Ä–∏ –ø—Ä–æ–≤–µ–¥–µ–Ω–∏–∏ –°–í–û –Ω–∞ —Ç–µ—Ä—Ä–∏—Ç–æ—Ä–∏–∏ –£–∫—Ä–∞–∏–Ω—ã.
–ù–∞–∫–∞–∑–∞–Ω–∏—è –≤–µ—Å—å–º–∞ —Å—É—Ä–æ–≤—ã–µ.
–ù–µ —Å–¥–∞—ë–º—Å—è."
256,"[id506191335|Circ], –ß–µ–º —è –æ—Ç–ª–∏—á–∞—é—Å—å –æ—Ç –º–æ–∏—Ö –∏–¥–µ–æ–ª–æ–≥–æ–≤? –¢–∞–∫—Ç–∏—á–µ—Å–∫–∏–º–∏ —Ü–µ–ª—è–º–∏, –∏—Å—Ç–æ—Ä–∏—á–µ—Å–∫–∏–º –º–æ–º–µ–Ω—Ç–æ–º, –≥–µ–æ–≥—Ä–∞—Ñ–∏—á–µ—Å–∫–∏–º –ø–æ–ª–æ–∂–µ–Ω–∏–µ–º. –¢–∞–∫ —á—Ç–æ –º–æ–∏ –∏–¥–µ–æ–ª–æ–≥–∏ –Ω–∞ –º–µ–Ω—è –±—ã –≥–ª—è–¥–µ–ª–∏ —á–µ—Ä–µ–∑ —Ç—É –∂–µ –ø—Ä–∏–∑–º—É, —á—Ç–æ –∏ —è –Ω–∞ –Ω–∏—Ö, –∫–∞–∫ –Ω–∞ –ª—é–¥–µ–π —Ä–∞–∑–¥–µ–ª—è—é—â–∏—Ö –∏–¥–µ–∞–ª—ã, –Ω–æ –¥–µ–π—Å—Ç–≤—É—é—â–∏—Ö –≤ –∏–Ω—ã—Ö –æ–±—Å—Ç–æ—è—Ç–µ–ª—å—Å—Ç–≤–∞—Ö."
257,"–ù–∞–≤—Ä—è–¥ –ª–∏ –≤–∞–º –æ—Ç–∫–∞–∑–∞–ª–∏ –≤ –∑–∞–ª–µ –ø–æ –ø–æ–ª–∏—Ç–∏—á–µ—Å–∫–∏–º –º–æ—Ç–∏–≤–∞–º. –ò–∑-–∑–∞ —Ç–æ–≥–æ, —á—Ç–æ –≤—ã –∏–º–µ–Ω–Ω–æ –∫–æ–º–º—É–Ω–∏—Å—Ç—ã. –î—Ä—É–≥–∏–µ –ø–∞—Ä—Ç–∏–∏ –ø—Ä–æ—Å–∏–ª–∏ –∑–∞–ª –¥–ª—è –∫–æ–Ω—Ü–µ—Ä—Ç–æ–≤,? –ß—Ç–æ –∑–Ω–∞—á–∏—Ç - –¥–∞–π—Ç–µ? 
–ú–æ–∂–µ—Ç –∞—Ä–µ–Ω–¥–∞? –ò –±–æ—è—Ç—å—Å—è —Ç–æ–∂–µ –Ω–µ—á–µ–≥–æ. ... –ú–æ—Ç–∏–≤–∏—Ä—É—é—Ç —á–µ–º –Ω–∏–±—É–¥—å?"
258,"[id709252027|–ë–µ—Ç–æ–Ω–±–∏–π—Å–∫—Ç–∞–ª], –¥–∞ –ï–† –Ω–µ –≤—ã–ª–µ–∑–∞–µ—Ç –∏–∑ –¥–≤–æ—Ä—Ü–æ–≤ –∫—É–ª—å—Ç—É—Ä—ã –≥–æ—Ä–æ–¥–∞ –∏ —Å–æ —Å—Ç—Ä–∞–Ω–∏—Ü –ø—Ä–µ—Å—Å—ã. –ü—Ä–æ—Å—Ç–æ –º–æ–∂–Ω–æ –≤–∑—è—Ç—å –∂—É—Ä–Ω–∞–ª ""–ë–∏–ª—å—á–∞–Ω–∫–∞"" - –≤—Å–µ –∫—Ä–æ–º–µ –Ω–∞—Å, –∞ –º—ã —Å –Ω–∏–º–∏ —Ä–∞—Å–ø–æ–ª–∞–≥–∞–µ–º—Å—è –≤ –æ–¥–Ω–æ–º —Å—Ç—Ä–æ–µ–Ω–∏–∏.
–ö–æ–Ω–µ—á–Ω–æ –º–æ—Ç–∏–≤–∏—Ä–æ–≤–∞–ª–∏, –Ω–µ –Ω–∞–ø–∏—Å–∞–ª–∏ –∂–µ –æ–Ω–∏ –Ω–∞–º –≤ –æ—Ç–≤–µ—Ç–µ –ø—Ä—è–º–æ –Ω–∞ –ø–∏—Å—å–º–æ, —á—Ç–æ –º—ã –Ω–µ —Ä—É–∫–æ–ø–æ–∂–∞—Ç–Ω—ã–µ ü§£. –ù—É —Ä–∞–±–æ—Ç–Ω–∏–∫–∏ –≥–∞–∑–µ—Ç –∑–Ω–∞–∫–æ–º—ã–µ –∫–æ–Ω–µ—á–Ω–æ –≥–æ–≤–æ—Ä—è—Ç, —á—Ç–æ –æ –≤–∞—Å –∏–ª–∏ –ø–ª–æ—Ö–æ –∏–ª–∏ –Ω–∏–∫–∞–∫ –º–æ–∂–Ω–æ –ø–∏—Å–∞—Ç—å))) –ê –≤–æ –≤—Ä–µ–º—è —Å–µ—Å—Å–∏–∏ –¥—É–º—ã –≤ –∑–∞–ª–µ —Å–æ –º–Ω–æ–π –ª—É—á—à–µ –Ω–µ —Å–∏–¥–µ—Ç—å —Ä—è–¥–æ–º, –µ—Å–ª–∏ —Ö–æ—á–µ—Ç—Å—è —Å–µ–±—è —É–≤–∏–¥–µ—Ç—å –ø–æ —Ç–≤. –û–Ω–∏ –∫—Ä—É–ø–Ω—ã–µ –∫–∞–¥—Ä—ã –∏–∑ –∑–∞–ª–∞ –æ–±—Ä–µ–∑–∞—é—Ç))

–ê—Ä–µ–Ω–¥–∞ –≤ —Å–º—ã—Å–ª–µ —É –≥–æ—Ä–æ–¥–∞? –î–ª—è –≤—Å—Ç—Ä–µ—á —Å –¥–µ–ø—É—Ç–∞—Ç–∞–º–∏ –≥–æ—Å—É–¥–∞—Ä—Å—Ç–≤–µ–Ω–Ω–æ–π –¥—É–º—ã –æ–Ω–∏ –æ–±—è–∑–∞–Ω—ã –ø—Ä–µ–¥–æ—Å—Ç–∞–≤–ª—è—Ç—å, –Ω–æ –æ—Ç–∫–∞–∑—ã–≤–∞—é—Ç, –∫–æ–Ω–µ—á–Ω–æ –º–æ—Ç–∏–≤–∏—Ä–æ–≤–∞–Ω–Ω–æ ü§£. –û—Ç–∫–∞–∑ –∑–∞ –Ω–µ—Å–∫–æ–ª—å–∫–æ —á–∞—Å–æ–≤ –¥–æ –º–µ—Ä–æ–ø—Ä–∏—è—Ç–∏—è –ø—Ä–∏ –Ω–∞–ª–∏—á–∏–∏ –¥–æ–≥–æ–≤–æ—Ä—ë–Ω–Ω–æ—Å—Ç–µ–π —É–∂–µ. –ê—Ä–µ–Ω–¥–∞ —ç—Ç–æ –≤–æ–∑–º–æ–∂–Ω–æ, –Ω–æ –∏ –∑–∞ –¥–µ–Ω—å–≥–∏ –Ω–µ –¥–∞—é—Ç, –∫–∞–∫ –∏ —Ç—Ä–∞–º–≤–∞–π. –¢—Ä–∞–º–≤–∞–π –æ—Ç–∫–∞–∑—ã–≤–∞–µ—Ç—Å—è –±—Ä–∞—Ç—å –¥–µ–Ω—å–≥–∏ –æ—Ç –∫–æ–º–º—É–Ω–∏—Å—Ç–æ–≤, –í—ã —Å–ª—ã—à–∞–ª–∏, –∫–∞–∫–∏–µ —Ñ–∏–Ω–∞–Ω—Å–æ–≤—ã–µ –ø—Ä–æ–±–ª–µ–º—ã —É —Ç—Ä–∞–º–≤–∞—è –≤ –≥–æ—Ä–æ–¥–µ? –ï—Å–ª–∏ –Ω–µ –∑–Ω–∞–ª–∏ —Ç—Ä–∞–º–≤–∞–π —ç—Ç–æ –ú–£–ü —Ç.–µ. –ø–æ–¥ —É–ø—Ä–∞–≤–ª–µ–Ω–∏–µ–º –∞–¥–º–∏–Ω–∏—Å—Ç—Ä–∞—Ü–∏–∏. –ú—ã –∏—Å–∫–∞–ª–∏ –∫–æ–º–º–µ—Ä—á–µ—Å–∫–∏–π –∑–∞–ª –≤ –≥–æ—Ä–æ–¥–µ –¥–ª—è –ø—Ä–æ–≤–µ–¥–µ–Ω–∏—è –∫–æ–Ω—Ü–µ—Ä—Ç–∞ —Ö–æ—Ç—è –±—ã –Ω–∞ 100+ –º–µ—Å—Ç, –Ω–µ –Ω–∞—à–ª–∏.

–í –ø—É–±–ª–∏—á–Ω—ã—Ö –∞–∫—Ü–∏—è—Ö –æ—Ç–∫–∞–∑—ã–≤–∞—é—Ç, –∞ —ç—Ç–æ –∫–æ–Ω—Å—Ç–∏—Ç—É—Ü–∏–æ–Ω–Ω–æ–µ –ø—Ä–∞–≤–æ. –ò—Ö –∑–∞–¥–∞—á–∞ –ø–æ–º–æ—á—å –≤ –µ–≥–æ —Ä–µ–∞–ª–∏–∑–∞—Ü–∏–∏. –ë–ª–∞–≥–æ –∑–∞–∫–æ–Ω–æ–¥–∞—Ç–µ–ª—å—Å—Ç–≤–æ –ø—Ä–æ–ø–∏—Å–∞–Ω–æ –Ω–æ—Ä–º–∞–ª—å–Ω–æ, –≤ —Å—É–¥–µ —É–¥–∞—ë—Ç—Å—è –æ—Å–ø–æ—Ä–∏—Ç—å –∏—Ö —Ä–µ—à–µ–Ω–∏—è. –î–∞ –∏ –≤ –ø–æ—Å–ª–µ–¥–Ω–µ–µ –≤—Ä–µ–º—è —Ç–∞–∫–∏–º –Ω–µ –∑–∞–Ω–∏–º–∞—é—Ç—Å—è. –° –æ–¥–Ω–æ–π —Å—Ç–æ—Ä–æ–Ω—ã –∑–Ω–∞—é—Ç —á—Ç–æ –∏–¥—É –≤ —Å—É–¥, –∞ —Å –¥—Ä—É–≥–æ–π –∑–Ω–∞—é, —á—Ç–æ –ø—Ä–æ–≤–µ–¥—É –∞–∫—Ü–∏—é –±–µ–∑ –Ω–∞—Ä—É—à–µ–Ω–∏–π."
259,–ù—É –Ω–µ –∑–Ω–∞—é. –¢–æ–≥–¥–∞ —Å—É–¥—ã.
260,"–ó–∞ —Ç–æ —á—Ç–æ –¥–µ–ª–∞–ª, –∏ –æ—Ç–ø—Ä–∞–≤–∏–ª–∏ –Ω–∞—Ö–µ—Ä"
261,"[id126321262|–ö–æ–Ω—Å—Ç–∞–Ω—Ç–∏–Ω], —ç—Ç–æ –æ–Ω —Å–∞–º —Ç–µ–±–µ —Ä–∞—Å—Å–∫–∞–∑–∞–ª?"
262,–ü–æ —Ñ–∞–∫—Ç—É
263,–£–∂–∞—Å –∫—Ä–∞—Ö
264,–ê –∫–æ–≥–¥–∞ –°—Ç—É–¥–µ–Ω–∏–∫–∏–Ω –æ—Å–≤–µ—Ç–∏–ª –≤–µ—Å—å –≥–æ—Ä–æ–¥ –∏ –≤—Å–µ —É–ª–∏—Ü—ã –∑–∞—Å–≤–µ—Ç–∏–ª–∏—Å—å —Ä–∞–∑–≤–µ —ç—Ç–æ –Ω–µ –ö–õ–ê–°–°–°!!!
265,"–ö–æ–≥–¥–∞ –≤—Å–µ –ø–ª–æ—Ö–æ —Ç–æ–≥–¥–∞ –≤—Å–µ –º–æ–ª—á–∞—Ç ,–∞ –∫–æ–≥–¥–∞ —á—Ç–æ-—Ç–æ –¥–µ–ª–∞—é—Ç –Ω–∞—á–∏–Ω–∞—é—Ç –∏—Å–∫–∞—Ç—å –∏–∑—ä—è–Ω—ã.–í—ã —Ä–µ—à–∏—Ç–µ —á—Ç–æ –≤–∞–º –Ω—É–∂–Ω–æ???"
266,"[id96305536|–ü–∞–≤–µ–ª], –Ω–∞–º –Ω–∏—á–µ–≥–æ –Ω—É–∂–Ω–æ, –º—ã –ø—Ä–æ—Å—Ç–æ –Ω–µ —Å–≤–∞–ª–∏–≤–∞–µ–º—Å—è –≤ –∫—Ä–∞–π–Ω–æ—Å—Ç–∏. –ù–∏ –≤ –ª—é–±–æ–≤—å –Ω–∏ –≤ –Ω–µ–Ω–∞–≤–∏—Å—Ç—å. –û—Å–≤–µ—â–µ–Ω–∏–µ —É–ø–æ–º—è–Ω—É—Ç–æ, –∫–∞–∫ –∏ –¥—Ä—É–≥–∏–µ –ø–ª—é—Å—ã, –∫–æ—Ç–æ—Ä—ã–µ –º—ã –∑–∞–º–µ—Ç–∏–ª–∏."
267,"–ê–ª–µ–∫—Å–∞–Ω–¥—Ä –ü–µ—Ç—Ä–æ–≤–∏—á –º–Ω–æ–≥–æ —Ö–æ—Ä–æ—à–µ–≥–æ —Å–¥–µ–ª–∞–ª –¥–ª—è –≥–æ—Ä–æ–¥–∞,—ç—Ç–æ –º–æ—ë –º–Ω–µ–Ω–∏–µ.  –ê –≤–æ—Ç —Å –Ω–æ–≤—ã–º –º—ç—Ä–æ–º –ø–æ—Å–º–æ—Ç—Ä–∏–º –∫–∞–∫ –±—É–¥–µ—Ç –≥–æ—Ä–æ–¥ –∂–∏—Ç—å!"
268,"–ú–æ–ª–æ–¥—Ü—ã, –±–∏–π—á–∞–Ω–µ!"
269,–†–µ–ø–æ—Å—Ç –ø—Ä–∏–≤–µ—Ç—Å—Ç–≤—É–µ—Ç—Å—è! üòâ
270,"[club26381326|–õ–µ–≤—ã–π –ë–∏–π—Å–∫], –≤—ã –±—ã –µ—â—ë –≤ –¥—Ä—É–≥–∏—Ö –≥—Ä—É–ø–ø–∞—Ö –≤—ã–ª–æ–∂–∏–ª–∏."
271,"[id506191335|Circ], —Ö–æ—Ç–µ–ª–æ—Å—å –±—ã –æ—Ç –≤–∞—Å —É—Å–ª—ã—à–∞—Ç—å –∏–Ω–æ–µ, –Ω–∞–ø—Ä–∏–º–µ—Ä: 
- –≠—Ç–æ –∫—Ä—É—Ç–∞—è –∏–Ω–∏—Ü–∏–∞—Ç–∏–≤–∞, –∏ —è –ø–æ–º–æ–≥—É, –≤—ã–ª–æ–∂–∏–≤ –µ—ë –≤ –¥—Ä—É–≥–∏—Ö –≥—Ä—É–ø–ø–∞—Ö.
- –°–ø–∞—Å–∏–±–æ, —ç—Ç–æ –±—É–¥–µ—Ç –≤–µ—Å—å–º–∞ –∫—Å—Ç–∞—Ç–∏! - –º—ã –±—ã –≤–∞–º –æ—Ç–≤–µ—Ç–∏–ª–∏."
272,"[id506191335|Circ], –≤ –ø—Ä–æ–¥–æ–ª–∂–µ–Ω–∏–µ —Ç–µ–º—ã –¥—Ä—É–≥–∏—Ö –≥—Ä—É–ø–ø:"
273,"[club26381326|–õ–µ–≤—ã–π –ë–∏–π—Å–∫], —Ç–∞–º –æ—à–∏–±–∫–∞ –≤ –±–ª–∞–Ω–∫–∞—Ö –Ω–æ–º–µ—Ä –ø–æ—Å—Ç–∞–Ω–æ–≤–ª–µ–Ω–∏—è –≤ –±–ª–∞–Ω–∫–µ ""2023"" , –ø–æ —Ñ–∞–∫—Ç—É ""2053""."
274,"[id27308042|–ö–æ–Ω—Å—Ç–∞–Ω—Ç–∏–Ω], –ø—Ä–∏—Ö–æ–¥–∏—Ç–µ –≤—ã–¥–∞–º –±–ª–∞–Ω–∫–∏ —Å 2053"
275,"[id6743364|–í–ª–∞–¥–∏–º–∏—Ä], —è –ø–æ–ø—Ä–∞–≤–∏–ª –∏ —Å–∞–º, –ø–µ—Ä–µ–¥ —Ä–∞—Å–ø–µ—á–∞—Ç–∫–æ–π. –ú–∞–ª–æ-–ª–∏ –∫—Ç–æ-—Ç–æ –Ω–µ –∑–∞–º–µ—Ç–∏—Ç."
276,–±–æ–ª–µ—Ç—å –Ω–µ–ª—å–∑—è... —Å–æ–≤—Å–µ–º –Ω–µ–ª—å–∑—è
277,"¬´—á—Ç–æ –Ω–∞–ø–∏—Å–∞–Ω–æ –ø–µ—Ä–æ–º....... ¬ª
–ó–≤–æ–Ω–æ–∫ –∑–∞–±—É–¥—É—Ç –∫–∞–∫ —Ç–æ–ª—å–∫–æ –ø–æ–≤–µ—à–∞—é—Ç —Ç—Ä—É–±–∫—É"
278,"–∞ –ª—É—á—à–µ –∏ —Ç–∞–º –∏ —Ç–∞–º –æ—Ç–º–µ—Ç–∏—Ç—å—Å—è, –±–æ–ª—å—à–µ —à–∞–Ω—Å–æ–≤"
279,"–í 80—Ö —Ä–æ–∂–¥—ë–Ω –º–Ω–µ –¥–æ –ø–µ–Ω—Å–∏–∏ 24 –≥–æ–¥–∞ –µ—â—ë. –¢–æ –ª–∏ –≥–æ–¥–∞ –ø–µ—Ä–µ–ø—É—Ç–∞–ª–∏.
–ñ–µ–Ω—â–∏–Ω–µ —Ä–æ–∂–¥—ë–Ω–Ω–æ–π –≤ 1970 –≥–æ–¥—É –ø–æ–ª—É—á–∞–µ—Ç—Å—è 3 –≥–æ–¥–∞ –æ—Å—Ç–∞–ª–æ—Å—å –¥–æ –ø–µ–Ω—Å–∏–∏.
–û—Ç—É—á–∞—Ç –Ω–∞—Å –∂–¥–∞—Ç—å –ø–µ–Ω—Å–∏–∏ –∫–∞–∫ –±–µ—Å–∫–æ–Ω–µ—á–Ω–æ–≥–æ –æ—Ç–ø—É—Å–∫–∞."
280,ü§£ü§£ü§£ü§£ü§£ü§£ü§£
281,–ü–æ—Å—Ç–∞–≤–∏–ª –≥–∞–ª–æ—á–∫—É- –ø–æ–ª–æ–∂–∏–ª –≤ –∫–∞—Ä–º–∞–Ω.
282,"[id391422255|Boykonur], —Ü–µ–Ω–∞ –Ω–µ—Å–∫–æ–ª—å–∫–∏—Ö –±–µ–Ω–∑–æ–ø–∏–ª –∏ —Å–≤–∞—Ä–æ—á–Ω—ã—Ö —ç—Ç–æ –∫–æ–ø–µ–π–∫–∏ –¥–ª—è –Ω–µ–≥–æ –Ω–µ —Å—Ç–æ—è—â–∏–µ –∑–∞—Ç—Ä–∞—Ç –≤—Ä–µ–º–µ–Ω–∏."
283,"–í –¥–æ–ø–æ–ª–Ω–µ–Ω–∏–µ. –ê —ç—Ç–æ —Å—Å—ã–ª–∫–∞ –∫–∞–∫ –±—ã –Ω–∞ —Ä–∞–∑–≥—Ä—É–∑–∫—É —Ç–æ–π —Å–∞–º–æ–π –ø–æ–º–æ—â–∏ https://t.me/dbiysk/661 , –Ω–∞ —Ñ–æ—Ç–æ —Ç–æ—á–Ω–æ –≤–∏–¥–µ–Ω –æ–¥–∏–Ω —Å–≤–∞—Ä–æ—á–Ω—ã–π –∏ —Ç—Ä–∏ –±–µ–Ω–∑–æ–ø–∏–ª—ã."
284,"–ü–æ–∫–∞–∑—É—Ö–∞ –≤–∞–∂–Ω–µ–π –¥–µ–π—Å—Ç–≤–∏–π, –≤—Å–µ –∫–∞–∫ –≤—Å–µ–≥–¥–∞"
285,"–£—Å–ª—ã—à—å –≥–ª–∞—Å –∏–∑ –Ω–∞—Ä–æ–¥–∞. –ó–∞–∂—Ä–∞–ª–∏—Å—å —Ç–∞–º —Ç–≤–∞—Ä–∏ –¥–µ–º–æ–Ω—Å–∫–∏–µ, –≤—ã –∂–æ–ø—ã –≤–∞—Ä–µ–Ω—å–µ–º —Å–µ–±–µ –º–∞–∂–µ—Ç–µ, –≤ —Ç–æ –≤—Ä–µ–º—è, –∫–∞–∫ –∞–ª—Ç–∞–π—Å–∫–∏–µ –º—É–∂–∏–∫–∏ –Ω–∞ —Å–º–µ—Ä—Ç—å –∏–¥—É—Ç. –ó–∞ –≤–∞—Å –∏ –∏–¥—É—Ç, –∑–∞ –≤–∞—à–∏ –∫–∞–ø–∏—Ç–∞–ª—ã –∏ –∑–∞ –≤–∞—à–∏ —Ç–µ–ø–ª—ã–µ –º–µ—Å—Ç–µ—á–∫–∏-–∫–∞—Ä–º—É—à–∫–∏."
286,"–¢—Ä–∏–±—É–Ω–∞–ª —ç—Ç–æ–π –Ω–∏–∫—á–µ–º–Ω–æ–π –≤–ª–∞—Å—Ç–∏, –Ω–∏–∫—á—ë–º–Ω—ã–º –º–µ–ª–∫–∏–º —Ü–∞—Ä—å–∫–∞–º. –ù–∞—Å—Ç–∞–Ω–µ—Ç –≤—Ä–µ–º—è –∏ –≤—ã –∑–∞ –≤—Å—ë –æ—Ç–≤–µ—Ç–∏—Ç–µ –ø–µ—Ä–µ–¥ –Ω–∞—Ä–æ–¥–æ–º."
287,"–ú–æ–ª–æ–¥—Ü—ã, –Ω–µ –∑–Ω–∞–ª–∞ –æ–± —ç—Ç–æ–º –ø–∏–∫–µ—Ç–µ, —è –±—ã —Ç–æ–∂–µ –≤—ã—à–ª–∞"
288,"[id126408485|–û–ª—å–≥–∞], –í—ã—Ö–æ–¥–∏—Ç–µ –≤ –ª—é–±–æ–µ —É–¥–æ–±–Ω–æ–µ –≤–∞–º –≤—Ä–µ–º—è, —É –Ω–∞—Å –Ω–µ—Ç –º–æ–Ω–æ–ø–æ–ª–∏–∏ –Ω–∞ –ø—Ä–æ—Ç–µ—Å—Ç. –û–¥–∏–Ω–æ—á–Ω—ã–π –ø–∏–∫–µ—Ç –º–æ–∂–Ω–æ –ø—Ä–æ–≤–æ–¥–∏—Ç—å —Ö–æ—Ç—å –≥–¥–µ. –ù–∞ –ø–ª–æ—â–∞–¥–∏ 9 —è–Ω–≤–∞—Ä—è –º–æ–∂–Ω–æ –±–µ–∑ —É–≤–µ–¥–æ–º–ª–µ–Ω–∏—è —Å–æ–±–∏—Ä–∞—Ç—å—Å—è –¥–æ 100 —á–µ–ª–æ–≤–µ–∫. –≠—Ç–æ –º–µ—Å—Ç–æ –Ω–æ—Å–∏—Ç —Å—Ç–∞—Ç—É—Å –≥–∞–π–¥–ø–∞—Ä–∫–∞."
289,üëçüëçüëçüëçüëç
290,–ü—Ä–∏ –°—Ç–∞–ª–∏–Ω–µ —Ç–∞–∫–æ–π —Ö—É#@ –Ω–µ –±—ã–ª–æ... –∏ –ø—Ä–∏ –ë—Ä–µ–∂–Ω–µ–≤–µ –∏ –ø—Ä–∏ –•—Ä—É—â—ë–≤–µ –¥–∞–∂–µ –Ω–µ –±—ã–ª–æ.
291,–ú–æ–ª–æ–¥—Ü—ã
292,–ò –≤—Å–µ—Ö –≤—Å–µ —É—Å—Ç—Ä–∞–∏–≤–∞–µ—Ç(((
293,"–∞ –∫–∞–∫ –∂–µ. –î–æ–ª–∂–Ω—ã –ø–æ–Ω–∏–º–∞—Ç—å, –Ω—É–∂–¥—ã ""–æ–±–æ—Ä–æ–Ω—ã""."
294,–ß—Ç–æ —Ç–∞–∫ –¥–æ—Ö—Ö—Ö—Ö?
295,"[id569174797|–ê—Ä—Ç—ë–º], –∞ —á—Ç–æ –±—ã –Ω–µ—Ç? –ú—ã –∂–µ –Ω–µ —Å–æ–ø—Ä–æ—Ç–∏–≤–ª—è–ª–∏—Å—å –ø–µ—Ä–µ—Ö–æ–¥—É –Ω–∞ –ê–ª—å—Ç–∫–æ—Ç–µ–ª—å–Ω—É—é, –ù–µ –ø–æ—à–ª–∏ –≥–æ–ª–æ—Å–æ–≤–∞—Ç—å –≤ —Å–µ–Ω—Ç—è–±—Ä–µ - —è–≤–∫–∞ 11,6%. –ù–∞ –ø—Ä–æ—Ç–µ—Å—Ç –ª—é–¥–∏ —Ç–æ –∂–µ –Ω–µ –≤—ã–π–¥—É—Ç. –ê –ß–¢–û –ë–´ –ù–ï–¢ –¢–û?"
296,"[id6743364|–í–ª–∞–¥–∏–º–∏—Ä], —Ç–æ–ª–∫—É –æ—Ç –ø—Ä–æ—Ç–µ—Å—Ç–æ–≤ –Ω–µ –±—É–¥–µ—Ç. –†–µ—à–µ–Ω–æ –∑–∞ –Ω–∞—Ä–æ–¥ —É–∂–µ –Ω–∞ –ª–µ—Ç 100 –≤–ø–µ—Ä—ë–¥."
297,"[id569174797|–ê—Ä—Ç—ë–º], –ø—Ä–æ—Ç–µ—Å—Ç —ç—Ç–æ —Ç–æ —Å —á–µ–≥–æ –º–æ–∂–Ω–æ –Ω–∞—á–∞—Ç—å, –ø–æ–∑–Ω–∞–∫–æ–º–∏—Ç—Å—è —Å –µ–¥–∏–Ω–æ–º—ã—à–ª–µ–Ω–Ω–∏–∫–∞–º–∏, –≤–µ—Å—Ç–∏ –¥–µ—è—Ç–µ–ª—å–Ω–æ—Å—Ç—å, —Å—Ç—Ä–æ–∏—Ç—å –æ—Ä–≥–∞–Ω–∏–∑–∞—Ü–∏–∏. –ê –∫–∞–∫–∏–µ –µ—â—ë –≤–∞—Ä–∏–∞–Ω—Ç—ã? –û—Ç –≤—ã—Ä–∞–∂–µ–Ω–∏–π —Å–≤–æ–∏—Ö —á—É–≤—Å—Ç–≤ –≤ –∫–æ–º–º–µ–Ω—Ç–∞—Ä–∏—è—Ö —Ç–æ—á–Ω–æ –Ω–∏ —á–µ–≥–æ –Ω–µ –∏–∑–º–µ–Ω–∏—Ç—Å—è."
298,"[id6743364|–í–ª–∞–¥–∏–º–∏—Ä], –æ—Ç –≤—ã—Ä–∞–∂–µ–Ω–∏—è –Ω–µ—Ç. –Ø –ª–∏—à—å –≤—ã—Å–∫–∞–∑–∞–ª —Å–≤–æ—ë –º–Ω–µ–Ω–∏–µ."
299,"[id569174797|–ê—Ä—Ç—ë–º], –≤—ã—Å–∫–∞–∑–∞–ª, –∑–¥–æ—Ä–æ–≤–æ... —Å–ª–µ–¥—É—é—â–∏–π —à–∞–≥ –±—É–¥–µ—Ç?"
300,"[id6743364|–í–ª–∞–¥–∏–º–∏—Ä], –Ω–µ—Ç. –ù–µ –±—É–¥–µ—Ç!"
301,"[id6743364|–í–ª–∞–¥–∏–º–∏—Ä], –¥–∞–∂–µ –µ—Å–ª–∏ –Ω–∞ –ø—Ä–æ—Ç–µ—Å—Ç –æ—Ç—Ä–µ–∞–≥–∏—Ä—É–µ—Ç, —Ç–æ –ø–æ—Ç–æ–º –≤ —Ç–∏—Ö–æ—Ä—è –¥–æ–±–∞–≤—è—Ç –∏ –∫–∞–∫–æ–π –Ω–∏–±—É–¥—å –ø—Ä–∏—á–∏–Ω–æ–π –ø–æ–¥—Å—Ç—Ä–∞—Ö—É—é—Ç—Å—è. –ò —Ç–∞–∫ –≤—Å–µ–≥–¥–∞. –ï—Å–ª–∏ –≤–æ–∑–º—É—Ç–∏–ª—Å—è –≤–µ—Å—å –Ω–∞—Ä–æ–¥, —ç—Ç–æ —Ä–µ–≤–æ–ª—é—Ü–∏—è, –∞ –æ–¥–∏–Ω... , –Ω–µ –≤–æ–∏–Ω. –ö–∞–∫ —Ç–æ —Ç–∞–∫."
302,"[id432573182|–ï–ª–µ–Ω–∞], –Ω–µ –Ω–∞–¥–æ –æ—Ç–≤–µ—á–∞—Ç—å –∑–∞ –≤–µ—Å—å –Ω–∞—Ä–æ–¥ - –Ω–∞–¥–æ –æ—Ç–≤–µ—Ç–∏—Ç—å –∑–∞ —Å–µ–±—è. 
–í–∞—Å —Ç–æ—á–Ω–æ –Ω–µ —É—Å–ª—ã—à–∞—Ç –µ—Å–ª–∏ –≤—ã –Ω–µ —Å–∫–∞–∂–µ—Ç–µ —Å–≤–æ—ë –ù–ï–¢. 
–†—è–¥–æ–º —Å –≤–∞–º–∏ –≤—Å—Ç–∞–Ω—É —è –∏ —Å–∫–∞–∂—É —Å–≤–æ—ë –ù–ï–¢. 
–í—ã –Ω–µ –±—É–¥–µ—Ç–µ –æ–¥–Ω–∏–º –≤–æ–π–Ω–æ–º –≤ –ø–æ–ª–µ. 
–ù–∞—á–Ω–∏—Ç–µ —Å —Ä–µ–ø–æ—Å—Ç–∞ —ç—Ç–æ–≥–æ –ø–æ—Å—Ç–∞!"
303,"–æ–±–æ—Ä–æ–Ω–∞ —Ç—É—Ç –Ω–µ –ø—Ä–∏—á–µ–º! –ú—ã –ø–ª–∞—Ç–∏–º –°–ì–ö, –∑–∞ –Ω–æ–≤—É—é –∫–æ—Ç–µ–ª—å–Ω—É—é, –Ω–æ –ø–æ–ª—å–∑—É–µ–º—Å—è —Å—Ç–∞—Ä–æ–π!"
304,"[id41831256|–ò–≤–∞–Ω], –º—ã –ø–ª–∞—Ç–∏–º –°–ì–ö –∑–∞ –Ω–æ–≤—É—é –∞—Ö—Ç—É ü§£, –∞ —Å—Ç–∞—Ä–∞—è –∞—Ä–µ—Å—Ç–æ–≤–∞–Ω–∞ –≤ –∏—Ç–∞–ª—å—è–Ω—Å–∫–æ–º –ø–æ—Ä—Ç—É üö¢"
305,"–¢–∞–∫ –µ–π –∏ –Ω–∞–¥–æ , —á—Ç–æ –±—ã –∑–Ω–∞–ª–∞ , –∑–∞ –∫–æ–≥–æ –æ–Ω–∞ –∞–≥–∏—Ç–∏—Ä–æ–≤–∞–ª–∞"
306,"""–ï–†"" –≤—Å—é –∂–∏–∑–Ω—å –î–£–†–ò–¢"
307,–≠—Ç–æ —Å–æ–ª–¥–∞—Ç—ã???
308,"–ó–∞—á–µ–º –µ–º—É —à–∏–≤—Ä–æ–Ω ¬´–Ø–Ω–¥–µ–∫—Å¬ª? 
–û–Ω –≤ —ç—Ç–æ–º —Ç–∞–∫—Å—É–µ—Ç? 
–í–æ–ø—Ä–æ—Å –∫–æ–Ω–µ—á–Ω–æ –¥–µ–±–∏–ª—å–Ω—ã–π, –Ω–æ  —Å—É—Ç—å —ç—Ç–æ–≥–æ –≤–∏–¥–µ–æ? 
–ú—ã –∂–µ –≤—Å–µ –ø–æ–Ω–∏–º–∞–µ–º, —á—Ç–æ –¥—Ä–æ–Ω –∏–º –Ω–∏–∫—Ç–æ –Ω–µ –∫—É–ø–∏—Ç. 
–§–æ—Ä–º—É –∏–∑ –≤–æ–µ–Ω—Ç–æ—Ä–≥–∞ –±–µ—Å–ø–ª–∞—Ç–Ω–æ –Ω–∏–∫—Ç–æ –Ω–µ –¥–∞—Å—Ç. 
–Ø —Å–ª—É–∂–∏–ª 20 –ª–µ—Ç –Ω–∞–∑–∞–¥ –∏ –Ω–∏—á–µ–≥–æ —Å–≤–µ—Ä—Ö–µ—Å—Ç–µ—Å—Ç–≤–µ–Ω–Ω–æ–≥–æ –Ω–µ —É–≤–∏–¥–µ–ª –≤ —ç—Ç–æ–π –∏—Å—Ç–æ—Ä–∏–∏. 
–≠—Ç–∏ –±–æ–π—Ü—ã –Ω–∞ –≤–∏–¥–µ–æ –≤ –¥—Ä—É–≥–æ–π –∞—Ä–º–∏–∏ —á—Ç–æ-–ª–∏ —Å—Ä–æ—á–Ω—É—é —Å–ª—É–∂–∏–ª–∏? –ß–µ–≥–æ –æ–∂–∏–¥–∞–ª–∏?"
309,"[id506191335|Circ], –ø–æ–∑—ã–≤–Ω–æ–π —É –Ω–µ–≥–æ —è–Ω–¥–µ–∫—Å, –Ω–∞—à–∏–≤–∫–∞ —Å –ø–æ–∑—ã–≤–Ω—ã–º. –ñ–∏—Ç—å —Ö–æ—Ç—è—Ç, –∞ —á—Ç–æ–±—ã –≤—ã–∂–∏—Ç—å –Ω—É–∂–Ω–∞ –Ω–æ—Ä–º–∞–ª—å–Ω–∞—è —ç–∫–∏–ø–∏—Ä–æ–≤–∫–∞ –∏ –≤–æ–æ—Ä—É–∂–µ–Ω–∏–µ. –ê —Å—Ä–æ—á–∫–∞ (–≤–Ω–µ –±–æ–µ–≤—ã—Ö —É—Å–ª–æ–≤–∏—è—Ö) - –∫–∞–∫–∞—è —Ä–∞–∑–Ω–∏—Ü–∞ –≤ —á—ë–º –ª–∏—à—å –±—ã –Ω–µ –ø–æ–º—ë—Ä–∑–ª–∏, –ø—É–ª–∏ –Ω–∞–¥ –≥–æ–ª–æ–≤–æ–π –Ω–µ –ª–µ—Ç–∞—é—Ç."
310,"[id6743364|–í–ª–∞–¥–∏–º–∏—Ä], –≤—ã, –∏–º–µ–Ω–Ω–æ –≤—ã –µ—Å–ª–∏ –±—ã –¥–µ–ª–∞–ª–∏ –æ–±—Ä–∞—â–µ–Ω–∏–µ —Ç–æ –∫–∞–∫ –ø—Ä–µ–¥—Å—Ç–∞–≤–∏–ª–∏—Å—å –±—ã? 
–†—è–¥–æ–≤–æ–π –ë–∞–ª–∞—Ö–Ω–∏–Ω –≤/—á –Ω–æ–º–µ—Ä........ –ü—Ä–∞–≤–∏–ª—å–Ω–æ? 
–ò–ª–∏ —Ç–æ–∂–µ –±—ã –æ–¥–µ–ª–∏ –º–∞—Å–∫—É –∏ –ø—Ä–µ–¥—Å—Ç–∞–≤–∏–ª–∏—Å—å –ì—É–≥–ª–æ–º (—É—Å–ª–æ–≤–Ω–æ, —è –≤–µ–¥—å –Ω–µ –∑–Ω–∞—é –≤–∞—à–µ–≥–æ –ø—Ä–æ–∑–≤–∏—â–∞)?"
311,"[id506191335|Circ], —Å –æ—Ç–∫—Ä—ã—Ç—ã–º –∑–∞–±—Ä–∞–ª–æ–º –≤—Å–µ–≥–¥–∞"
312,"[id6743364|–í–ª–∞–¥–∏–º–∏—Ä], –Ω—É –≤–æ—Ç. –ò –∫–∞–∫–æ–µ –æ—Ç–Ω–æ—à–µ–Ω–∏–µ –∫ –æ–±—Ä–∞—â–∞—é—â–∏–º—Å—è –º–æ–∂–µ—Ç —Å–ª–æ–∂–∏—Ç—Å—è?"
313,"[id506191335|Circ], –ø–æ —Å–µ–±–µ –ª—é–¥–µ–π –Ω–µ —Ä–∞–≤–Ω—è—é—Ç, —Ä–∞–∑ –¥–µ–ª–∞—é—Ç –æ–±—Ä–∞—â–µ–Ω–∏–µ –∑–Ω–∞—á–∏—Ç –¥–µ–π—Å—Ç–≤–∏—Ç–µ–ª—å–Ω–æ –Ω–µ –≤—Å—ë —Ö–æ—Ä–æ—à–æ, –∫–∞–∫ –Ω–∞–º —Ä–∞–ø–æ—Ä—Ç—É–µ—Ç –≥–∞—Ä–∞–Ω—Ç."
314,"[id506191335|Circ], –í—ã –∂–µ —Ç–æ–∂–µ –∑–¥–µ—Å—å –ø–æ–¥ –ø—Å–µ–≤–¥–æ–Ω–∏–º–æ–º. –ö–∞–∫–æ–µ –æ—Ç–Ω–æ—à–µ–Ω–∏—è –¥–æ–ª–∂–Ω–æ –±—ã—Ç—å –∫ –≤–∞—à–∏–º –∫–æ–º–º–µ–Ω—Ç–∞—Ä–∏—è–º?"
315,"[id6743364|–í–ª–∞–¥–∏–º–∏—Ä], —Ç–æ –µ—Å—Ç—å —ç—Ç–æ –Ω–µ —Ç–≤–æ—ë –Ω–∞—Å—Ç–æ—è—â–µ–µ –∏–º—è? 
–¢–æ–∂–µ, —ç—Ç–æ –≤ —Å–º—ã—Å–ª–µ —Ç—ã –Ω–µ –í–æ–ª–æ–¥—è? 
–ê –∑–∞—á–µ–º —Ç—ã –∑–∞ –í–æ–ª–æ–¥—é —Å—Ç—Ä–∞–Ω–∏—Ü—É —Å–¥–µ–ª–∞–ª? 
–¢–æ–∂–µ —Å —Ä–∞–±–æ—Ç—ã –æ—Å—Ç–∞–ª–∞—Å—å?"
316,"[id506191335|Circ], –≥–æ–≤–æ—Ä–∏–ª –æ –≤–∞—à–µ–π —Å—Ç—Ä–∞–Ω–∏—Ü–µ.. —è —Ç–æ —Å –æ—Ç–∫—Ä—ã—Ç—ã–º –∑–∞–±—Ä–∞–ª–æ–º."
317,"–í–∏–∂—É –∫–∞–∫ —É –Ω–µ–≥–æ –∞–≤—Ç–æ–º–∞—Ç –≤–∏—Å–∏—Ç –∏ –ø–æ–Ω–∏–º–∞—é, —á—Ç–æ –æ–Ω –≤–ø–µ—Ä–≤—ã–µ –≤ —Ä—É–∫–∞—Ö, —Ç.–µ. –Ω–∞ —à–µ–µ."
318,"–°–Ω–∞—á–∞–ª–∞ –Ω–∞—Ä–æ–¥—É —Ç–∞–∫–æ—é –¥–∏—á—å –ø—Ä–æ–≥–æ–Ω—è—é—Ç –æ—Ç –∏–º–µ–Ω–∏ –≥–æ—Å–æ—Ä–≥–∞–Ω–∏–∑–∞—Ü–∏–∏, –∞ –ø–æ—Ç–æ–º —É–¥–∏–≤–ª—è—é—Ç—Å—è, –∫–∞–∫–æ–π —Ç—ë–º–Ω—ã–π –Ω–∞—Ä–æ–¥ –ø—Ä–æ—Ç–∏–≤–æ–≥–∞–∑—ã –Ω–∞—Ç—è–≥–∏–≤–∞–µ—Ç, –∫–æ–≥–¥–∞ –≤–∏–¥–∏—Ç —Ç–æ—Ä—Å–∏–æ–Ω–Ω—ã–µ —Å–ª–µ–¥—ã –æ—Ç —Å–∞–º–æ–ª—ë—Ç–æ–≤ –≤ –Ω–µ–±–µ."
319,—Å –∫–∞–∫–∏—Ö –ø–æ—Ä –ª–æ—à–∞–¥–∏ —Å–∞–º–∏ –≥—Ä–∞–Ω–∏—Ü—É –ø–µ—Ä–µ—Å–µ–∫–∞—é—Ç?
320,"[id391422255|Boykonur], —É –Ω–∞—Å –Ω–µ —Ç–æ —á—Ç–æ –ª–æ—à–∞–¥–∏, –æ–¥–∏—á–∞–≤—à–∏–µ –≤–µ—Ä–±–ª—é–¥—ã –±—ã–≤–∞—é—Ç"
321,–≤–æ –≤—Å—ë–º –≤–∏–Ω–æ–≤–∞—Ç—ã –ø–∏–Ω–¥–æ—Å—ã)
322,"–° —á–µ–≥–æ –≤–¥—Ä—É–≥? –ë–µ–Ω–∑–∏–Ω –Ω–µ –ø–æ–¥–æ—Ä–æ–∂–∞–ª, –¥–æ–ª–ª–∞—Ä –ø–æ–¥–µ—à–µ–≤–µ–ª."
323,"–ê–≤—Ç–æ–±—É—Å—ã –ø—É—Å–∫–∞–π –Ω–∞—Ä–º–∞–ª—å–Ω—ã–µ –∫—É–ø—è—Ç, –∞ —Ç–æ –Ω–∞ ""—Ç–∞–±—É—Ä–µ—Ç–∫–µ"" –Ω–∞–¥–æ–µ–ª–æ –µ–∑–¥–∏—Ç—å. –õ–∏—à—å –±—ã —Å–æ–¥—Ä–∞—Ç—å, –¥–∞ –ø–æ–±–æ–ª—å—à–µ"
324,–î–∞ –æ–Ω–∏ —É–∂–µ –≤ –∫–æ–Ω–µ—Ü –æ—Ö—É–µ–ª–∏ –ø–æ–º–Ω—é –±—ã–ª–æ 20 —Ä—É–±–ª–µ–π —Ç–µ–ø–µ—Ä—å —á—Ç–æ-–ª–∏ 30 —Å—Ç–∞–Ω–µ—Ç –∞ –ø–æ—Ç–æ–º —Å–∫–æ–ª—å–∫–æ –±—É–¥–µ—Ç 100 –∏–ª–∏ –¥–∞–∂–µ –±–æ–ª—å—à–µ –∏–¥–∏–æ—Ç—ã –±–ª—è—Ç—å
325,–ì–¥–µ –±—ã–ª–∏ –ª—é–∫–∏ ?
326,"–õ—é–∫–æ–≤ –Ω–∞ –≥–∏–ª–µ–≤–∞ –Ω–µ –±—ã–ª–æ –Ω–∏–∫–æ–≥–¥–∞ 
–î–æ—Ä–æ–≥–∞ –≥–æ–≤–Ω–æ , –Ω–µ —Å–ø–æ—Ä—é , –∫ –¥–æ–º—É —Ö.. –ø–æ–¥—ä–µ—Ö–∞—Ç—å ."
327,–¢–æ–º–µ–Ω–∫–æ –Ω–∞ –≤—Å—Ç—Ä–µ—á–µ —Å –ü—É—Ç–∏–Ω—ã–º –≤—ã—Å–∫–∞–∑–∞–ª—Å—è –æ –Ω–µ—Ö–≤–∞—Ç–∫–µ –≤—Ä–∞—á–µ–π. –ü–æ—Å–º–æ—Ç—Ä–∏–º.
328,"–°–µ–π—á–∞—Å —Ç—è–∂–µ–ª–æ –±—É–¥–µ—Ç –º–µ–¥–∏–∫–∞–º –Ω–∞–π—Ç–∏ –ø—Ä–∞–≤–¥—É... —ç—Ç–æ –≥–æ–¥ –Ω–∞–∑–∞–¥ –æ–Ω–∏ –±—ã–ª–∏ –≥–µ—Ä–æ—è–º–∏, –∞ —Å–µ–π—á–∞—Å –≥–µ—Ä–æ–∏ –¥—Ä—É–≥–∏–µ, –∞ —á–µ—Ä–µ–∑ –≥–æ–¥ —É–∂–µ –Ω—ã–Ω–µ—à–Ω–∏–µ –≥–µ—Ä–æ–∏ –±—É–¥—É—Ç –∏—Å–∫–∞—Ç—å –ø—Ä–∞–≤–¥—É."
329,"–≠—Ç–æ –Ω–µ —Ç–æ–ª—å–∫–æ –≤ –¶–ì–ë! 
–ê —Å –∑–∞—Ä–ø–ª–∞—Ç–∞–º–∏ —Ç–∞–∫ –≤–æ–æ–±—â–µ –∫–∞–ª–∞–º–±—É—Ä –ø–æ –±–æ–ª—å–Ω–∏—Ü–∞–º –≥–æ—Ä–æ–¥–∞"
330,–ß—Ç–æ –∏ —Å–ª–µ–¥–æ–≤–∞–ª–æ –æ–∂–∏–¥–∞—Ç—å
331,–° —Ç–∞–∫–æ–π —Ñ–∞–º–∏–ª–∏–µ–π üôÑ
332,"[id178316247|–ê–ª–µ–∫—Å–∞–Ω–¥—Ä], –¥–∞ —É–∂, –≤ –Ω–∞—à–∏ –¥–Ω–∏ –Ω–µ –ø–æ–≤–µ–∑–ª–æ –º—É–∂–∏–∫—É —Å —Ñ–∞–º–∏–ª–∏–µ–π.
–ù–æ —Å—É—Ç–∏ —ç—Ç–æ –Ω–µ –º–µ–Ω—è–µ—Ç.
–ù–∞ –∑–∞–±–æ—Ä–µ ""—É–π"" –Ω–∞–ø–∏—Å–∞–Ω–æ, –∞ —Ç–∞–º –¥—Ä–æ–≤–∞ –ª–µ–∂–∞—Ç.
–í —Ä–µ–∫–ª–∞–º–Ω–æ–º –±—É–∫–ª–µ—Ç–µ –Ω–∞–ø–∏—Å–∞–Ω–æ ""—Å–∫–∏–¥–∫–∞, –Ω–∏–∑–∫–∏–µ —Ü–µ–Ω—ã!"", –∞ –≤ –º–∞–≥–∞–∑–∏–Ω–µ –æ–Ω–∏ –≤—ã—à–µ, —á–µ–º –ø–æ–≤—Å–µ–º–µ—Å—Ç–Ω–æ.
–î–æ –≤—ã–±–æ—Ä–æ–≤ –∫–∞–Ω–¥–∏–¥–∞—Ç –æ–±–µ—â–∞–µ—Ç –±–æ—Ä–æ—Ç—å—Å—è –∑–∞ –Ω–∞—Ä–æ–¥, –∞ –ø–æ—Å–ª–µ –Ω–∏—Ö –ø–æ–≤—ã—à–∞–µ—Ç –ø–µ–Ω—Å–∏–æ–Ω–Ω—ã–π –≤–æ–∑—Ä–∞—Å—Ç –∏ –ø–æ–¥–¥–µ—Ä–∂–∏–≤–∞–µ—Ç –Ω–æ–≤—ã–µ –Ω–∞–ª–æ–≥–∏.
–ì–ª–∞–≤–Ω–æ–µ - –¥–µ–ª–∞."
333,"–ß—É–¥–æ —á—É–¥–Ω–æ–µ, –¥–∏–≤–æ –¥–∏–≤–Ω–æ–µ."
334,"–ü—Ä–∏–≥—Ä–µ–ª–∞—Å—å, —É—Å–Ω—É–ª–∞ –∏ —Å–≤–∞—Ä–∏–ª–∞—Å—å –ª—è–≥—É—à–∫–∞!  –¢–∞–∫ –∂–µ –∫–∞–∫ –∏ –Ω–∞—Ä–æ–¥ –≤ –†–æ—Å—Å–∏–∏, –≤–∞—Ä—è—Ç –Ω–∞ –º–µ–¥–ª–µ–Ω–Ω–æ–º –æ–≥–Ω–µ... 
–ò—Ç–æ–≥ –æ—á–µ–≤–∏–¥–µ–Ω.)"
335,"[club26381326|–õ–µ–≤—ã–π –ë–∏–π—Å–∫], –¥–æ–±—Ä—ã–π –¥–µ–Ω—å. –í–ø–æ–ª–Ω–µ –≤–æ–∑–º–æ–∂–Ω–æ, —á—Ç–æ –∫—Ç–æ-—Ç–æ –∏–∑ –ø–µ—Ä–µ–≤–æ–∑—á–∏–∫–æ–≤ –∑–∞–∏–Ω—Ç–µ—Ä–µ—Å—É–µ—Ç—Å—è –µ—â–µ –º–∞—Ä—à—Ä—É—Ç–æ–º –æ–∫–æ–ª–æ ""–î–µ–ª—å—Ñ–∏–Ω–∞""."
